" "," "," "," ","@jwaltonmusic hey jack, please follow me I just wanted to be noticed by you, I love you :-(21"
" "," "," "," ","I miss Ache Obey and Ache Alias :("
" "," "," "," ","@BenMurphyWardel I don't no I was In pain all day :("
" "," "," "," ","Satnight in hospital :("
" "," "," "," ","Zzz blackout :((("
" "," "," "," ","@Za_Maniac: :-(@PrincessKatlee: What a mess “@avuzwaq: @ChiefThabo: He Anna.  @thespian_dame: Sh mess mess @HLINK"
" "," "," "," ",":(:( feeling sick"
" "," "," "," ","@MarfDanielle: @TinaMariexxx Facebook so you don't have any Facebook account right now? :(I miss you tho. I keep coming in @RaydollsHo..."
" "," "," "," ","Ones can read & Understand my mind ! :("
" "," "," "," ","I wish :(RT @InFlames_SWE: So who's coming to our show in Gothenburg tonight?"
" "," "," "," ","@rachelehara :-(no good"
" "," "," "," ","BTW I survived with 1 heart but now keeper of the forest has my camp :("
" "," "," "," ","Helluuuu! I want you to know that your band and all your songs are so cool. It makes me wanna cry :(Stay awzuuum :'> @yelyahwilliams"
" "," "," "," ","@_TinyElephants_: Remember when we trended things? What happened to that. We've gotten so lazy :(EMABiggestFansArianaGrande	EMABiggestFansArianaGrande"
" "," "," "," ","@Sgf98: WWW Hyukjae cried because he felt touched :(((("
" "," "," "," ","@taylorcaniff Taylor I love you please follow me :("
" "," "," "," ","I'm so pecking cold feel like living in the ice age n the flat is nearly empty so freezing :("
" "," "," "," ","@LostboxUK: @Bex_pheebs: @LostboxUK @HLINK Cornea is still missing :(this is his new video findclooney	findclooney"
" "," "," "," ","@SunAssemblyMCR @awgonnerman Thanks Adam! Really gutted about it :("
" "," "," "," ","@lexxolsennn I'm sorry :("
" "," "," "," ","Says :(:(;?:?:(:(;/;/(3:(:(:("
" "," "," "," ","Awwww gabby :(((:"
" "," "," "," ","@Kjwylpcsw: Wanna hug you baby :("
" "," "," "," ","Aw I'm 18 now :("
" "," "," "," ","Doctor who fucked me up last night :(I told everyone in the group chat they weren't real and they were just in my imagination"
" "," "," "," ","@_cuddlyhoran I wanna hug u so bad cry :(we will meet one day!!!! I am sure of it"
" "," "," "," ","@crownedespinosa ink, I got bored with it, do you not like it?:("
" "," "," "," ","Long before we both thought the same thing :("
" "," "," "," ","That moment when you have to delete some of your hard work cause you have exceeded the page limit. :(("
" "," "," "," ","@ARRABiritera Hi Melanie. I'm sorry for the inconvenience. :(Were you able to stop your GoUnli now? Thank you."
" "," "," "," ","Ninjas are earning 100s of thousands but they can't invest in property, what the hell? :("
" "," "," "," ","@Spinthemap I'm not :(are you heading up?"
" "," "," "," ","@shaheer_s I think I will miss Ur long hair :-("
" "," "," "," ","I feel like shit, doctor. My heart is in paces. :(@DrShyGuy"
" "," "," "," ","Can't stop crying :("
" "," "," "," ","@justinsbeLieb16 u never picked me I'm always ring and having :("
" "," "," "," ","It hurts to see my mom cry :("
" "," "," "," ","@Habibies: AlAqsa Mosque today - Wake up Muslim Utah :(HandsOffAlAqsa AqsaUnderAttack Duran ICC4Israel FreePalestine @HLINK...	AlAqsa, Muslim, HandsOffAlAqsa, AqsaUnderAttack, Quran, ICC4Israel, FreePalestine"
" "," "," "," ","@sugataev we never introduced ourselves! :("
" "," "," "," ","@jiaaxuaan_ I'm actually waiting for a book fair so I can buy them in a set, but it's talking too long :("
" "," "," "," ","@d1gital_bath ash man :(Shaven just topped it off"
" "," "," "," ","@TSangsterIsNewt tears were streaming down my face at chap 40 and I couldn't control it unlike how I could pretty well do in movies :(("
" "," "," "," ","Umbels :("
" "," "," "," ","@bitchplsitzemmy the person waited for weekend night six :("
" "," "," "," ","@iJokerInaBox I don't have a ps4 so we can't :("
" "," "," "," ","@janinepapio: Scanning through our group last year. Pro may “love you” or “I love you MA Ana” pay nagpopost Si sir grade amiss :("
" "," "," "," ","My head hurts :("
" "," "," "," ","Having to walk to hall glen to get my haircut >:-("
" "," "," "," ","@deskbunny_cal apparently something will happen with it between 2017-2027 :("
" "," "," "," ","Leigh Na LNG bang granite? How can I hold on when i don't know what in holding on to? :("
" "," "," "," ","This rain thou :("
" "," "," "," ","Miss you her @IamMinMinCK :("
" "," "," "," ","Why can't calm just tweet me back a 'love you too' or follow me :("
" "," "," "," ","@NiallOfficial mister chalk man ! My classmate made it, I was her assistant aha. She broke him though :( @HLINK"
" "," "," "," ","Mg how to go home like this :("
" "," "," "," ","@pamelaathecutay: I want someone to chill with :("
" "," "," "," ","@specialdallas: @taylorcaniff I give up, you're never gonna follow me :("
" "," "," "," ",""“@mz_kemii: “: I hate guys who think they can get any girl.”""does that mean you hate me?:(""
" "," "," "," ","Malz polo flood :("
" "," "," "," ","@GummyJH Helene, was really hopeful that's why you came online :("
" "," "," "," ","@abcdefgeoorgee don't even :(I missed him so much"
" "," "," "," ","@greysonforever_: I miss to make a new hash tag about season, and make that hash tag go worldwide :(about you @greysonchance @HLINK..."
" "," "," "," ","@DALLASEXE can you rt my spam plus :("
" "," "," "," ","@ElijahLouisP: WhatIwant New Eyeglasses :(	WhatIwant"
" "," "," "," ","Fuck you, English weather, fuck you! Day 1 on RiddlesInThePark abandoned due to persistent, torrential downpours. :(	RiddlesInThePark"
" "," "," "," ","Ma come :("
" "," "," "," ","@haestarr me too :(I hope there'll be an organizer that will want to bring in SJ..."
" "," "," "," ","No-shave-November.....problem is I don't have any hair to shave. Nohairforever :(	nohairforever"
" "," "," "," ","@ayetira: the lighting very scary :-("
" "," "," "," ","I had to study. I don't wanna go out :("
" "," "," "," ","I don't want the super fast wife here to expire. :("
" "," "," "," ","Aha yet again feeling like shit :("
" "," "," "," ","So does anyone else look at Overwatch and think, 'Me'? It might offer good game play but its far from original :(	Overwatch"
" "," "," "," ","When I tell people 2 think positive & they be like: 'u don't understand' 'don't tell me DAT' 'I just can't, unlike u.' I just wanted to help :("
" "," "," "," ","@taylorcaniff hi Taylor! Can you follow me? :(:(I love you so soon much 189"
" "," "," "," ","Hazards shot had already beat Mignolet :("
" "," "," "," ","@taylorcaniff PLS FOLLOW ME :("
" "," "," "," ","@Michael5SOS: I was so damn excited to see nickel back today and then I just found out they're on at like 1:30. God dammit :("
" "," "," "," ","@bubblylipsharry: why did you leak the album literally only 10 days left :("
" "," "," "," ","@Hornyhammer76 nobody is sure but it appears she took overdose :-(xxx"
" "," "," "," ","@jamiebolding mess :(and it's struggling to sell out it's not even 50% yet :((("
" "," "," "," ","@justinbieber Justin please follow me :(@francy26599"
" "," "," "," ","@anthonyyebra I woke up at 6:45 :("
" "," "," "," ","Bad defense :("
" "," "," "," ","@anak_baekyeol: “@yixingkun: ME TOOOOO @exochuuu: These is.... i wanna see it again :(@HLINK"
" "," "," "," ","I'm so sick and Gary!!!!! Make this stop. I wish I had made miss soup before this went down but I suppose I just have to do it now :("
" "," "," "," ","I think that EC is much easier than OB but involve of English plus then too hard for me !! Hair why dun use Chinese :("
" "," "," "," ","@WWERomanReigns come back soon :(!!"
" "," "," "," ","Calming, brat em me, :("
" "," "," "," ","@BethanyKBell was 2 of them attacking you at once :("
" "," "," "," ","@owyposadas babe :("
" "," "," "," ","Dropped babe to work and now I'm not tired :("
" "," "," "," ","@taylorcaniff hi Taylor! Can you follow me? :(:(I love you so soon much 188"
" "," "," "," ","@jhonkalangg: For reality </3 Acts :'(Bat canon? :( DefineMasakit @HLINK	DefineMasakit"
" "," "," "," ","@arifhaiqal13 sorry2 :("
" "," "," "," ","“@ladycassandra84 Anyone knows a chiropractor open today? In west or south Yorkshire, I can't move :-(“ @HelpKirklees @HelpSheffield @HelpLeeds"
" "," "," "," ","I Re tweeted Followback pleaseeeee :(Pagoda Na KO -,- @VMiguelG 218"
" "," "," "," ","Pimples make me feel like an ugly duckling :("
" "," "," "," ",""Too Darn much “@thabang_Paige: Boredom? “@_CliveSA: My event less Saturdays will be the death of me :(“""""
" "," "," "," ","Cape ati--” :("
" "," "," "," ","@CleoVerzosa Don't feel you bro :("
" "," "," "," ","@PryankPatel key cause it's normally flora's show but she's not here this weekend :("
" "," "," "," ","Come here in Philippines day! Pls :( @taylorcaniff 6"
" "," "," "," ","9-5 archery coach training today. Will miss by baby girl's birthday :(. Hopefully we'll get out early."
" "," "," "," ","I want my daddy :("
" "," "," "," ","You never know what you have, until you lose her. Miss you - A... :("
" "," "," "," ","@jjaejoongkim86 Annie GA nut boo :("
" "," "," "," ","The lighting very scary :-("
" "," "," "," ","@taylorcaniff hi Taylor! Can you follow me? :(:(I love you so soon much 187"
" "," "," "," ","lemony I'm so sorry!!!! I had no idea or I wouldn't have tweeted about it :(("
" "," "," "," ","@OddNeon: Help me so i don't lose 2k :("
" "," "," "," ","Good vibes plus :(("
" "," "," "," ","Y'all have nice names :(and I'm just an Braille"
" "," "," "," ","@Lovelymelissaxo @Erik_svo27 true :("
" "," "," "," ","We need to find a larger garage, the poor SZ has been relegated to parking outside last night :(@HLINK"
" "," "," "," ","@TopcatsLair @krONik @AustralianLabor I used to love the cartoon “Top Cat”...can probably still sing theme song :("
" "," "," "," ","@InBetweenTaylor I wish I could :("
" "," "," "," ","@numptystyles @Harry_Styles you're so sweet and i don't understand why you're not helping for itself too cos you deserve just as much :("
" "," "," "," ","“@AboutCalorie: Eating too many sweet potatoes may cause abdominal swelling and indigestion.” @jemmawilson14 @grovesluke :(("
" "," "," "," ","Are we wasting time talking on a broken line :(vote5sos	vote5sos"
" "," "," "," ","Be follow me back please! @VMiguelG Superduperfangirl here :(xx 13"
" "," "," "," ","Background art is tedious to draw :("
" "," "," "," ","Happy birthday!!! Love you! Ingot Paley ikaw and godless, hope you have a good one <3 Miss you :(@janaetatiana_"
" "," "," "," ","His Harvey I met you on Saturday November 1st and asked you to follow me but still no follow :(could you please follow me now?  1204"
" "," "," "," ","I want to watch inters taller and Big hero :("
" "," "," "," ","@takemetokorea11 mg :-(thank you"
" "," "," "," ","@Kiss_BSuzy94: tam van :(@JYPNationSQ: [Preview] Mark GOT7 Concert '42 No.1' MILK MUSIC LIVE STATION,JYP 20thAnniversarytuanhttp:...	Mark, GOT7"
" "," "," "," ","I just wanna chill and watch movies & cuddle :("
" "," "," "," ","MTVEMA fans, we have some sad news. @CalvinHarris has taken ill, and will not be able to perform at tomorrow's show :(Feel better, Calvin!	MTVEMA"
" "," "," "," ","Yeah too many commitments :(Wish you could be at the live show on Sunday :(would love to see your beautiful"
" "," "," "," ","@widowhitesides WWW I'm sorry :("
" "," "," "," ","@trumanne_black I saw one at fully booked at but that was a month ago :-(you should read it! Sounds like Ur name"
" "," "," "," ","@trxpit @lolitadrugs I would press that bottom at myself at first.... :("
" "," "," "," ","@dianaroch: I miss you guys together :(@LaurenJauregui @TheVampsBrad votefifthharmony @HLINK	votefifthharmony"
" "," "," "," ","I miss old days when all my friends cooked for me :("
" "," "," "," ","OK “@Altered_Tee: Next we shall paint PTA red and you''ll pay, sure deal. RT @_CliveSA: My event less Saturdays will be the death of me :(“"
" "," "," "," ","@LiamPetre_ that's probably worse because you've had a taste :("
" "," "," "," ","@xgmcliffordx but I miss you much more fucker :("
" "," "," "," ","@5SOSspain: if Michael doesn't follow you :((I'll do him the link) vote5sos	vote5sos"
" "," "," "," ","IHOP sounds very pleasant at this point. :("
" "," "," "," ","@taylorcaniff I love u so much, your people more important on my life, come to Brazil I need meet u :(Follow me please 21"
" "," "," "," ","@hopedellon @NBCNewYork Chicago's tree is going up, too. I am NOT ready for this... :-("
" "," "," "," ","I Re tweeted Followback pleaseeeee :(Pagoda Na KO -,- @VMiguelG 220"
" "," "," "," ","@nikkilopezzzz @5SOS @Calum5SOS @Ashton5SOS @Luke5SOS @Michael5SOS mg wt that's so cool like why can't I make hits like that :(vote5sos	vote5sos"
" "," "," "," ","GDP I can't were gonna leave at 7 :((("
" "," "," "," ","Guess no shoes for me :("
" "," "," "," ","@Gabzsxc thanks :(:"
" "," "," "," ","My new sounds: ?, :( @HLINK on SoundCloud	SoundCloud"
" "," "," "," ","Ugh :("
" "," "," "," ","@Yarshun_9 yeah :(i didn't have time to properly finish my paper because all the answers were so long !!"
" "," "," "," ","Would love to see Garrick & Blind at CM today. Very unlikely though. :(muff	Carrick, mufc"
" "," "," "," ","@freakinjax @Holbornlolz My suggestion of 'The Leisure Center of Shelby' came second :-("
" "," "," "," ","I old fly do w McDonald RN :("
" "," "," "," ","His Harvey I met you on Saturday November 1st and asked you to follow me but still no follow :(could you please follow me now?  1203"
" "," "," "," ","Are u okay? :("
" "," "," "," ","Actually really fancy a drink :("
" "," "," "," ","It's freezing outside and my car is taking forever to warm up. :(("
" "," "," "," ","I love you but no :("
" "," "," "," ","Used official me vocal. :-("
" "," "," "," ","“@dyowksatibapa: Re tweet if you want Gummy Worms and Gummy Bears. WhatIWant @HLINK :(	WhatIWant"
" "," "," "," ","Gotta apply to Syracuse ASAP :("
" "," "," "," ","@mtvema: MTVEMA fans, we have some sad news. @CalvinHarris has taken ill, and will not be able to perform at tomorrow's show :(Feel be...	MTVEMA"
" "," "," "," ","@lexiaXIV @MatteoManalac I'm broke :("
" "," "," "," ","@__MyYah same here :(So I built a locket for my ugh that lights up when I close mine in my hand. Good idea? @HLINK"
" "," "," "," ","So Tracker found my car, but it's been stripped to a shell. :-(Bye beautiful."
" "," "," "," ","@taylorcaniff Please :((follow me Taylor plus Love you so much"
" "," "," "," ","I'll privatize them :(RT @Beedagal: Hahahaha okay! You'll look good thou RT @temsie_m: @Beedagal no idea ... @HLINK"
" "," "," "," ","@joshodlin @4JStudios maybe it will be ready for next year :("
" "," "," "," ","@Dr0wnmydemons: Fucking police :("
" "," "," "," ","Really wanna try n meet issues next month but I doubt it's gonna happen :(("
" "," "," "," ","@Janxlsm don't think too much ah :-("
" "," "," "," ","Why are you seen zoning me :(@AJRBrothers @HLINK"
" "," "," "," ","@taylorcaniff follow me Taylor, be my 1/12 PLEASE? :-(x3"
" "," "," "," ","@Carm3n_Lim I wanna watch too :((("
" "," "," "," ","Where's Amy? I need to sing a few heart felt ballads with her :(@AtotheMe_"
" "," "," "," ","@oopsmyidols: @justinbieber shots hello Please follow me, I need this more than anything :(I love you to the and back x2,251"
" "," "," "," ","@itstommobiebs_: That should be me :(EMABiggestFansJustinBieber @HLINK	EMABiggestFansJustinBieber"
" "," "," "," ","@_tiffanyhwang yeah ... that would be even sadder :(sigh ... if only she would just at least join the Tokyo dome concert...."
" "," "," "," ","@reIigionofpeace: So sad :(Ya Allah, please protect Al Aqua and our Palestinian Brothers and Sisters. HandsOffAlAqsa FreePalestine ht...	HandsOffAlAqsa, FreePalestine"
" "," "," "," ","@dianaisabel880: NEW AVA BABES postal? :(@HLINK"
" "," "," "," ","@Hoveroad oh no Lizzy :(feel better soon plus."
" "," "," "," ","@5hdeserveslove: “@CrisjieS: ALERT!! HATE THIS!! :(votefifthharmony @HLINK	votefifthharmony"
" "," "," "," ","Somebody stole Noel from me :("
" "," "," "," ","Now on to this LFC game. We just lost the 1-0 lead we had :("
" "," "," "," ","OMG FOUR! :("
" "," "," "," ","@loka_zaira: @AlondraPalomera I just saw this RN :-("
" "," "," "," ","@SwiftlyKidrauhl Awe :(didn't you get to buy tickets???"
" "," "," "," ","_ That's what I call : Disappointment ... :(@HLINK	_"
" "," "," "," ","@PapaJackQuote: Weakness KO? Seeing my love one's crying :(WhatIWant	WhatIWant"
" "," "," "," ","@luciahoff: Good thing at London is that there is weigh everywhere only problem is, _TheCloud never connects :( frustrating	frustrating"
" "," "," "," ","@Tyler_Hibbard I'm getting a medical red shirt so I have sat out all season and don't get to play today :("
" "," "," "," ","@ryan203010 I love Orville :((("
" "," "," "," ","@corinnesuthers dreading the bloc2bloc video of me n u going sick the camera was right in our face :("
" "," "," "," ","So I liked one of my manager's posts way back 2012. I. Can't. Help. Myself. :("
" "," "," "," ","Despite everything I miss you :-("
" "," "," "," ","@XunWei97 @chinkarwei fuiyoh didn't tell me, why you guys disconnected from me Dy :(("
" "," "," "," ","@trishapiatos no :(The one on the website? Did you??"
" "," "," "," ","I want go Paar Malay but its raining so heavily :("
" "," "," "," ","Bread :(-_-"
" "," "," "," ","I want one of Harry coats :(they look so warm and cuddly"
" "," "," "," ","@groovinswxft: Mg, I can't really draw her face and I don't want to give it a try :(her face is too per and I just @HLINK"
" "," "," "," ","And they disc you in such an innocent way “why is your head so sharp?” Far I don't know :("
" "," "," "," ","@lollipopkat2010 Aileen you also no find me also :("
" "," "," "," ","@Garuda_Method I've stopped for a while. :(college has been quite crazy, but I hope to return in two weeks. How have you been?"
" "," "," "," ","Begun juki asked me at a pic of Charlie I came across the pics of Tina :((("
" "," "," "," ","@JustinBieberPHs: Ba Please FOLLOW ME @justinbieber ! :(Please ? EMABiggestFansJustinBieber	EMABiggestFansJustinBieber"
" "," "," "," ","By Please FOLLOW ME @justinbieber ! :(Please ? EMABiggestFansJustinBieber	EMABiggestFansJustinBieber"
" "," "," "," ","@ansarahs UGHHHHH WHAT TIME ? :(WHY U DIDNT TELL ME BEFORE HUH !!"
" "," "," "," ","@taylorcaniff please Taylor i am 0/12 :("
" "," "," "," ","@dowlingcraic :(his music makes me happy tho :')"
" "," "," "," ","@taylorcaniff I want to see you but I can't because I live in France :("
" "," "," "," ","@taylorcaniff TAYLOR I HAVE BIRTHDAY ON 16TH NOVEMBER, PLS MAKE MY DREAM COMES TRUE AND FOLLOW ME :("
" "," "," "," ","@Weefifer74: @CollieBUZZ Plus RT? Blind Bobby is in serious need of help. Not coping well at all in kennels. :(TY @NWDogRescue @HLINK...."
" "," "," "," ","I RETWEETED FOLLOWBACK PLEASE :(PAGOD NA KO -,- @VMiguelG 231"
" "," "," "," ","I should tidy my room :("
" "," "," "," ","Wlh kuwa”@mr_ajeje: They abbey mun Shiva UK”@abba_dmbt: I Shari Dan Allah :(“@Mss_hussna: You can't spell 'disappointment' without 'men"
" "," "," "," ","@taylorcaniff follow me Taylor, be my 1/12 PLEASE? :-(x7"
" "," "," "," ","For the first time in forever :("
" "," "," "," ","@iIycameron Sam is such a cool name BC its unisex and ppm wont have problems saying it :(like r u a Samantha or a Samuel who knows u do!!!"
" "," "," "," ","Goodnight :("
" "," "," "," ","“rushes: IVANT REAHE @HLINK wow :("
" "," "," "," ","@sexgodzaynn I just fly need them to come out :("
" "," "," "," ","@belong2jdb: I wish have more hands so I can vote on mac, phones, and iPod at the same time :(EMABiggestFansJustinBieber	EMABiggestFansJustinBieber"
" "," "," "," ","At least you have one to speak about :(“@LawdClaud: My beard is not growing fast enough. Damn these genes.”"
" "," "," "," ","@jessicaheartz96 Same logic as Chinese songs :("
" "," "," "," ","BC Please FOLLOW ME @justinbieber ! :(Please ? EMABiggestFansJustinBieber	EMABiggestFansJustinBieber"
" "," "," "," ","@taylorcaniff follow me Taylor, be my 1/12 PLEASE? :-(x6"
" "," "," "," ","69 ; LAST DAY OF VOTING SO PLEASE RT  PROVE THAT U ARE A TRUE 1D AF  EMABiggestFans1D THIS IS SO FUCKING SAD :((((@HLINK	EMABiggestFans1D"
" "," "," "," ","Uncertain feeling :("
" "," "," "," ","I think my bf is angry to me because in always Lr :(vote5sos	vote5sos"
" "," "," "," ","“@dyowksatibapa: Re tweet if you want Gummy Worms and Gummy Bears. WhatIWant @HLINK Worms Plus :(	WhatIWant"
" "," "," "," ","I've been sitting in sports kit all day trying to get the motivation to go on a run but I've just watched daily blogs instead :("
" "," "," "," ","Ina was like “Must Na? Way DA Na in love?” Oh plus. Seriously? :(Hey Low."
" "," "," "," ","@taylorcaniff IGNORE ME :( YOU ARE A BAD-BOY"
" "," "," "," ","Not ready for this sat :("
" "," "," "," ","Can't wait three weeks to tell you I love you :(("
" "," "," "," ","@taylorcaniff please love me :("
" "," "," "," ","I'm hanging :(I'm sitting here eating cold paella and drinking ginger beer to give me life"
" "," "," "," ","@5sosfamxoxo_: *we're losing :(vote5sos @HLINK	vote5sos"
" "," "," "," ","Taylor will never follow :("
" "," "," "," ","@taylorcaniff are you going to follow me? :("
" "," "," "," ","I want blonde hair not green hair :("
" "," "," "," ","@Harry_Styles I'm lying in bed and I can't seem to get up I'm so tired :("
" "," "," "," ","Give a fuck are becoming hard to find... in ready to go home... fuck this. :(i wanna be with pay..."
" "," "," "," ","@justinsbeLieb16 Please Please pick me next <3 You've never picked me before :("
" "," "," "," ","I RETWEETED FOLLOWBACK PLEASE :(PAGOD NA KO @VMiguelG 233"
" "," "," "," ","Just can't believe that I don't talk to someone at all I used to speak to every day and had the best feeling because of it :("
" "," "," "," ","BTW guys, watch the part 2 of my game play of Outlast CD hope you guys enjoy it even a little. :("
" "," "," "," ","@taylorcaniff follow me Taylor, be my 1/12 PLEASE? :-(x15"
" "," "," "," ","By Please FOLLOW ME @justinbieber ! :(Please ? EMABiggestFansJustinBieber	EMABiggestFansJustinBieber"
" "," "," "," ","A break from everything... soon :("
" "," "," "," ","@cndr_kanggun @kkanggji_ indeed a crybaby :("
" "," "," "," ","Want gummy worms and gummy bears :("
" "," "," "," ","GWS my brother 'Binding Gerald Alfariel Lamont' :(:&"
" "," "," "," ","@LinnetsLive with no @mrchezi :(:(hope purpleaki makes an appearance a that you all get home OK hey	purpleaki"
" "," "," "," ","I hate my grandparents. Stupid idiots can't respect my dads decision of marrying my mom :("
" "," "," "," ","Name some good looking seniors BARELY ANY so sorry no offense can't think of any right now!! :-(@HLINK"
" "," "," "," ","@lihle_mbotya us :(“@MosadiOnTheMove: I really want to go to Tomorrowland.”"
" "," "," "," ","@Luke5SOS: Calm just are me :-(Hungry5SOS	Hungry5SOS"
" "," "," "," ","Bored with doing all my homework already, hate school :("
" "," "," "," ","@VMiguelG Me view. :((Please??"
" "," "," "," ","@crumbsncrackers Okay :("
" "," "," "," ","@dmyflores *jelly moves* :((("
" "," "," "," ","Twang :(“@_KeItu2_: A woman gave up her 3year year old fir adoption, said its difficult to find a man wen u he a kid @Lessy_segO”"
" "," "," "," ",""@_CliveSA: Too Darn much “@thabang_Paige: Boredom? “@_CliveSA: My event less Saturdays will be the death of me :(“""""
" "," "," "," ","Some people change, and some promises end up broken :("
" "," "," "," ","He makes me so happy :(@HLINK"
" "," "," "," ","The thunder is so loud :("
" "," "," "," ","@Ashton5SOS: Last night I lost my cape... It was my one and only :("
" "," "," "," ","@FifthStreetUK you're lucky :("
" "," "," "," ","Bi Please FOLLOW ME @justinbieber ! :(Please ? EMABiggestFansJustinBieber	EMABiggestFansJustinBieber"
" "," "," "," ","@confesormica we love you too much to let you go :(-(/(/(/(-("
" "," "," "," ","@BacillusICP won't held people still won't read it :-("
" "," "," "," ","@bieberdeyes: its making me emotional seeing all this voting. Like I love him so much :(emabiggestfansjustinbieber	emabiggestfansjustinbieber"
" "," "," "," ","@taylorcaniff follow me Taylor, be my 1/12 PLEASE? :-(x14"
" "," "," "," ","@NOTICEMESENPAl oh god :(I love Kenny he's my favorite"
" "," "," "," ","@jtmrtl its not even scary :("
" "," "," "," ","@__moja: @Memx_319 memo I miss you wall said mm kn ashofch bl'3l6 :(?"
" "," "," "," ","I watched part of the giver last night and it was so good but I was way too tired so I went home before it was over :("
" "," "," "," ","@Louis_Tomlinson Louis, u r my world, the reason of my life, but I think u have millions of fans and you will never care for me. :(x67016"
" "," "," "," ","@Michael5SOS can I see 'Michael Clifford followed you' on my notifications?? Im trying to get Ur follow, ills babe! :( vote5sos 3573	vote5sos"
" "," "," "," ","@ShawnMendes I'm so excited to the SomethingBigVideo ills follow me please, don't ignore me :(6	SomethingBigVideo"
" "," "," "," ","@ShawnMendes SomethingBigVideo Hey, a friend will see you soon without me :(so a follow would mean so much baby...please ?  Love you xx 36	SomethingBigVideo"
" "," "," "," ","That was demo more painful than tongue :("
" "," "," "," ","Mine is tiny booty :(@HLINK"
" "," "," "," ","@ShawnMendes I LOVE YOU SO MUCH MARRY ME? YES YOU ARE MY DREAM  I WILL NOT GIVE UP ON YOU  NOTICE ME PLEASE BABY :("
" "," "," "," ","@MatthiasIam: Stream is down so well push the stream to tomorrow :("
" "," "," "," ","And we go on and on and on and ooooooooon we don't belong to anyone @Splityoursoul :("
" "," "," "," ","@Nashgrier please follow me Nash?? I love u and your videos so much :(NashAndJacksNewVideo @HLINK 	NashAndJacksNewVideo"
" "," "," "," ","@_ange1ica: I curse a lot, that's not good :("
" "," "," "," ","@Hanumanth_Kumar Fantasy Premier league bias :(I feel like I'm cheating on United."
" "," "," "," ","@Alex_Incarnate I gave you $5 you lost it rather than increased it? :("
" "," "," "," ","@ShawnMendes Why did you even stopped following? :(You forgot to follow me babe SomethingBigVideo	SomethingBigVideo"
" "," "," "," ","@ohsehuns: I miss OT12 so much, it hurts every single day :("
" "," "," "," ","@ShawnMendes SomethingBigVideo SomethingBigToNumber1 SomethingBig COME TO SPAIN ASAP PLLLSSSS :(Love u!  X66	SomethingBigVideo, SomethingBigToNumber1, SomethingBig"
" "," "," "," ","@ShawnMendes I'm so excited to the SomethingBigVideo ills follow me please, don't ignore me :(5	SomethingBigVideo"
" "," "," "," ","LIKE, NOT EVEN A TEXT AFTER BEING NAMED. HULK THOUGHT WE WERE FRIENDS :("
" "," "," "," ","@rikerR5 YOU NEEEVEEERRR SEE OUR TRENDS.THANKS.:(HappyBirthdayRikerFromGreece x1004	HappyBirthdayRikerFromGreece"
" "," "," "," ","Wow my mom never showed me this :(@HLINK"
" "," "," "," ","@TomasColton @LoughErneResort Big lad your photography skills are brutal! Putting isn't bad Hugh!! :(Clean't	Clean't"
" "," "," "," ","@Louis_Tomlinson Louis, u r my world, the reason of my life, but I think u have millions of fans and you will never care for me. :(x67015"
" "," "," "," ","@ImPrezzi FUCK :("
" "," "," "," ","@5SOSFamilyCrew: 5SOS: we didn't win? Why? :(because the person who saw this, didn't vote5sos @HLINK	vote5sos"
" "," "," "," ","@NiallOfficial Hi :') How are you?? Please Ni all at least a Hello Yes? Please DM?! Is crazy not? :(I would be happy for a lifetime!x19,832"
" "," "," "," ","@carlyalyssax3 yeah but I think I might be too pale now :-("
" "," "," "," ","@SleepintheGardn Ur so lucky to have @KeeganAllen like bf in all I swear he is my favorite boy :(((his smile i just can't lzkdnzkd"
" "," "," "," ","@mariienicolette well hope you feel better :(."
" "," "," "," ","Baby :(  EMABiggestFans1D @HLINK	EMABiggestFans1D"
" "," "," "," ","@Calum5SOS @5SOS I could never see you on tour and it makes me sad :(can u follow me please? I love you a lot/654645 vote5sos	vote5sos"
" "," "," "," ","@Luke5SOS @Ashton5SOS @Michael5SOS @Calum5SOS PLEASE FOLLOW ME :(@5SOS vote5sos x80	vote5sos"
" "," "," "," ","@victorialeong dude I only did chapter 1 and 2 form 5 and you're making me feel bad :(all the best! But get some sleep man"
" "," "," "," ","@modhippogriffs his solo stuff is fly cute :((("
" "," "," "," ","@ShawnMendes I'm so excited to the SomethingBigVideo ills follow me please, don't ignore me :(4	SomethingBigVideo"
" "," "," "," ","ElissaInArabIdol I can't waiiiit more :(	ElissaInArabIdol"
" "," "," "," ","The pain in the Irish forwards is showing :("
" "," "," "," ","Not being able to talk to you blows :-("
" "," "," "," ","@Louis_Tomlinson Louis, u r my world, the reason of my life, but I think u have millions of fans and you will never care for me. :(x67014"
" "," "," "," ",""Me too FLU :(“@_Munchkin10: Co “@Pirates1stlady: I'm so sad that I couldn't be at Orlando tonight :(“""""
" "," "," "," ","@kebn97: Man, kissing is cool. I miss kissing. :("
" "," "," "," ","@RoseoneD so you lucky you are :(You attended AMF14 Arming played amazing set"
" "," "," "," ","@JanettSelena yeah I've got the same problem :("
" "," "," "," ","@camerondallas Hi cam! How are u?  I love you more than u can imagine :( Follow me and make me happy please? X21"
" "," "," "," ","@Nashgrier please follow me Nash?? I love u and your videos so much :(NashAndJacksNewVideo @HLINK 	NashAndJacksNewVideo"
" "," "," "," ","Go Wei go thing makes me sad :(."
" "," "," "," ","New excited to see @Harriette_xo tonight, haven't seen her in over 7 weeks :("
" "," "," "," ","@akaworldwide I feel so blocked from you BAE, no RT's in weeks, no replies :("
" "," "," "," ","@FatalityByFurie at the moment no :("
" "," "," "," ","@yelyahyall: “@ParamoreLAT: Paramour will have their last show of the year tonight. CircuitoBB @HLINK :(	CircuitoBB"
" "," "," "," ","@ShawnMendes I'm so excited to the SomethingBigVideo ills follow me please, don't ignore me :(43	SomethingBigVideo"
" "," "," "," ","@andi_bucci miss you taboo :("
" "," "," "," ","Hi @zaynmalik @Harry_Styles hope you're both well. Could you please follow me? It would mean the world to me make it happen :(10.677"
" "," "," "," ","@emochildcth: For everyone that was blocked by SAMA, it's not her fault she was hacked :(("
" "," "," "," ","@CandeeCakes @NewAgeIkeTurner thank you :("
" "," "," "," ","@Louis_Tomlinson Louis, u r my world, the reason of my life, but I think u have millions of fans and you will never care for me. :(x67065"
" "," "," "," ","copied my friend from the Netherlands have GMO food that are labeled and they say “dangerous for children” so ink :(some of it's good"
" "," "," "," ","@tgoens5 I miss you too Hannah :(("
" "," "," "," ","I Wonder how many brain cells are killed BC of Set in one day :("
" "," "," "," ","@rahhhh_m clearly you didn't get my joke :(or found it funny low"
" "," "," "," ","So first I have no life and my mom asks me to chill with her. Then @heaventkl asks me to gym with her and now flops on me. My life sucks :("
" "," "," "," ","@Michael5SOS can I see 'Michael Clifford followed you' on my notifications?? Im trying to get Ur follow, ills babe! :( vote5sos 3577	vote5sos"
" "," "," "," ","What can I do tnnnnmmn :("
" "," "," "," ","@ShawnMendes I'm so excited to the SomethingBigVideo ills follow me please, don't ignore me :(42	SomethingBigVideo"
" "," "," "," ","@troyesivan: I am so heartbroken right now :("
" "," "," "," ","@Nashgrier please follow me Nash?? I love u and your videos so much :(NashAndJacksNewVideo @HLINK 	NashAndJacksNewVideo"
" "," "," "," ","@flobethany Send it my way I would love to have a thunderstorm right now :("
" "," "," "," ","@Luke5SOS @Ashton5SOS @Michael5SOS @Calum5SOS PLEASE FOLLOW ME :(@5SOS vote5sos x97	vote5sos"
" "," "," "," ","Still waiting for @makeupbyevon to upload a new video. I miss them so much :("
" "," "," "," ","@ShawnMendes SomethingBigVideo you're my cutie okay :(	SomethingBigVideo"
" "," "," "," ","Suddenly discovering all these people have been tweeting at me and I didn't even realize :( I'm so sorry! You're all awesome lieberfriends	lieberfriends"
" "," "," "," ","I think tripping over the cat and falling all the way down the stairs wasn't one of my best ideas!! 2 days later I still can hardly move :-("
" "," "," "," ","@Nashgrier NashAndJacksNewVideo @HLINK NASH PLEASE :(((((	NashAndJacksNewVideo"
" "," "," "," ","@Louis_Tomlinson Louis, u r my world, the reason of my life, but I think u have millions of fans and you will never care for me. :(x67064"
" "," "," "," ","@Nashgrier @HLINK    Go see the video now    NashAndJacksNewVideo @JackJackJohnson :(	NashAndJacksNewVideo"
" "," "," "," ","@ShawnMendes I'm so excited to the SomethingBigVideo ills follow me please, don't ignore me :(41	SomethingBigVideo"
" "," "," "," ","@JJhchapman :(u don't wanna hear my idea?"
" "," "," "," ","@FifthHarmony VoteFifthHarmony FOLLOW ME PLEASE GIRLS :(I LOVE YOU<3 6	VoteFifthHarmony"
" "," "," "," ","@gxccisahyounie iii class help me by liking my entry on in plus :((this is the link @HLINK"
" "," "," "," ","@NiallOfficial Hi :') How are you?? Please Ni all at least a Hello Yes? Please DM?! Is crazy not? :(I would be happy for a lifetime!x19,853"
" "," "," "," ","@stinestinks Are you not going to NYC with them? :("
" "," "," "," ","@Louis_Tomlinson Louis, u r my world, the reason of my life, but I think u have millions of fans and you will never care for me. :(x67063"
" "," "," "," ","“@leratokganyago: I can't watch the Pirates game :(it's going to be hard”"
" "," "," "," ","@Michael5SOS can I see 'Michael Clifford followed you' on my notifications?? Im trying to get Ur follow, ills babe! :( vote5sos 3576	vote5sos"
" "," "," "," ","@CatatanLDR: Why you're so far far awaaaay? :("
" "," "," "," ","@DarshanRavalDZ Monday is my b'day ND I so wish I lived in Mumbai :(:'("
" "," "," "," ","@Airawwwwwr: If you're beside me, I would literally cuddle with you and annoy you with kisses :-("
" "," "," "," ","I love my Kurt Geiger heels but they give me a blister :("
" "," "," "," ","@lawanda50 I want to meet her and have like a whole minute with her hey... too bad that will likely never happen :("
" "," "," "," ","@Louis_Tomlinson Louis, u r my world, the reason of my life, but I think u have millions of fans and you will never care for me. :(x67080"
" "," "," "," ","@MassiveSmiler: why can't weekend last forever :("
" "," "," "," ","Nice job!  RT “@LoLx_JV: AWH SKETCHED again...just need to know about my efforts ...hwy it ? :(@arjunk26 @HLINK"
" "," "," "," ","@BIASEDASHTON: Luke's section to Michael's hurtful tweet :(vote5sos @HLINK	vote5sos"
" "," "," "," ","Fish you see the team and No Main :("
" "," "," "," ","@rad_niam iii class help me by liking my entry on in plus :((this is the link @HLINK"
" "," "," "," ","@ShawnMendes I'm so excited to the SomethingBigVideo ills follow me please, don't ignore me :(59	SomethingBigVideo"
" "," "," "," ","Day 8 of NaNoWriMo2014: I cannot get motivated to write when there are so many distractions :(	NaNoWriMo2014:"
" "," "," "," ","@YHallak @L7_Asp Mission failed :("
" "," "," "," ","The only thing that sucks about living in the country is that it's pointless to put out Christmas lights because no one can see them. :("
" "," "," "," ","@rambler098 hey I want some protein :("
" "," "," "," ","@kitAnurag you use a lot of apps? What? Tell me. :(@indiantweeter"
" "," "," "," ","@Louis_Tomlinson Louis, u r my world, the reason of my life, but I think u have millions of fans and you will never care for me. :(x67079"
" "," "," "," ","@FifthHarmony VoteFifthHarmony FOLLOW ME PLEASE GIRLS :(I LOVE YOU<3 11	VoteFifthHarmony"
" "," "," "," ","@ShawnMendes I'm so excited to the SomethingBigVideo ills follow me please, don't ignore me :(58	SomethingBigVideo"
" "," "," "," ","All the photos I've ever had with Andy came out so bad :((("
" "," "," "," ","Damn, so much work to do and so little energy :("
" "," "," "," ","@TommMace Oh no. This is disappointing. :("
" "," "," "," ","@fvkillers I wanna get UnbreakeableHearts but I can't find it in any shops :(	UnbreakeableHearts"
" "," "," "," ","@mAddicheyenne I have my phone just not my social media :("
" "," "," "," ","My tablet updated its self and now I can't screen shot anything :(-B"
" "," "," "," ","@mitchellwaters_ shit mate ....... I can't find them :( I think I might have left them at a mates"
" "," "," "," ","@ShawnMendes SomethingBigVideo follow me :(xx	SomethingBigVideo"
" "," "," "," ","@crusheds0uls don't worry too much please :(talk to me if you need someone to talk to okay"
" "," "," "," ","@marcelsheart but look at how little they were when I saw them two years ago :("
" "," "," "," ","@Shaheer_S i don't like you new hair :(WHY you cut sheer ???. I'm so sad"
" "," "," "," ","Vote5sos were only winning by 307K! :(vote	vote5sos"
" "," "," "," ","@ShawnMendes I'm so excited to the SomethingBigVideo ills follow me please, don't ignore me :(56	SomethingBigVideo"
" "," "," "," ","I'm still seeking that fight '15 :("
" "," "," "," ","@Louis_Tomlinson Louis, u r my world, the reason of my life, but I think u have millions of fans and you will never care for me. :(x67077"
" "," "," "," ","@NiallOfficial Hi :') How are you?? Please Ni all at least a Hello Yes? Please DM?! Is crazy not? :(I would be happy for a lifetime!x19,859"
" "," "," "," ","@victorialeong no :(hey your set is better than mine okay"
" "," "," "," ","@delicatepixie: fuck I wanna be this small again I miss it :-(@HLINK"
" "," "," "," ","Why naval instead of biker :("
" "," "," "," ","I hate being ignored :("
" "," "," "," ","My dad shaved our poor little dog :-(@HLINK"
" "," "," "," ","@lexitannerxo: constantly craving subway :("
" "," "," "," ","@Calum5SOS @5SOS I could never see you on tour and it makes me sad :(can u follow me please? I love you a lot 54 vote5sos	vote5sos"
" "," "," "," ","@ShawnMendes I'm so excited to the SomethingBigVideo ills follow me please, don't ignore me :(55	SomethingBigVideo"
" "," "," "," ","Saturday feels: Sunday :(Monday :'("
" "," "," "," ","@sebazzdelrey: I'm so upset i wanna see twigs tonight but I can't :-("
" "," "," "," ","@legallyzebra no I don't have a car :("
" "," "," "," ","@Louis_Tomlinson Louis, u r my world, the reason of my life, but I think u have millions of fans and you will never care for me. :(x67078"
" "," "," "," ","@ShawnMendes I'm so excited to the SomethingBigVideo ills follow me please, don't ignore me :(57	SomethingBigVideo"
" "," "," "," ","Someone hit me up :("
" "," "," "," ","Does anyone play the game 2048? What's the trick to it? I can't get past 256 :("
" "," "," "," ","@hitchtoni I know :(and were never sassy!"
" "," "," "," ","@camerondallas you're so close to 9999 and still don't followed me :(ExpelledMovie	ExpelledMovie"
" "," "," "," ","@kirastarhaas iii class help me by liking my entry on in plus :((this is the link @HLINK"
" "," "," "," ","Dude :(RT”@IggyAlvin: ITS ONLY FUCKED UP WHEN BAE IS ABSENT “@Cynoe_: I wish I can have a be too RT”@Iam_Yollz: Having A Be Is Nice"
" "," "," "," ","@AdamWaithe I really want one :(when will I get one ?"
" "," "," "," ","@HorzaEdeo :(::all the hugs::"
" "," "," "," ","NashAndJacksNewVideo @Nashgrier hey love can u follow me? I love you so muchhhh PLEASE :(link!- @HLINK x673	NashAndJacksNewVideo"
" "," "," "," ","If only I could sleep in this beautiful weather, but no :(gotta get ready and go for appointments.... :("
" "," "," "," ","@inboxbygmail I need an invitation :("
" "," "," "," ","Fix oh Fix :("
" "," "," "," ","@Louis_Tomlinson Louis, u r my world, the reason of my life, but I think u have millions of fans and you will never care for me. :(x67089"
" "," "," "," ","@cheshiresnourry NO CROATIA :("
" "," "," "," ","@jackiedufc I'm in the same boat now work has dried up .to close till Christmas.:("
" "," "," "," ","@dylanisacutie ME TOO SAD THAT UR MOVING :((((((IM GOING TO CRY"
" "," "," "," ","WHEN YOU'RE PLAYING A VIDEO GAME AND EVERYONE IS TRYING TO TELL U WHAT TO DO >:("
" "," "," "," ","@Alyssia411 @joemcelderry91 no :(! Overtime I get to the stage door, everyone says 'you've missed him' x"
" "," "," "," ","@2BeCuntinued why not :("
" "," "," "," ","@Luke5SOS @Ashton5SOS @Michael5SOS @Calum5SOS PLEASE FOLLOW ME :(@5SOS vote5sos x105	vote5sos"
" "," "," "," ","@justinavonglow iii class help me by liking my entry on in plus :((this is the link @HLINK"
" "," "," "," ","@NoChillChappell my GPA is a 3.4 I don't think that's good enough :("
" "," "," "," ","nuclei of course I've got the show on, even though it's prerecorded :("
" "," "," "," ","I would trade anything i have just to see them complete again :(@HLINK"
" "," "," "," ","I want the clarisonic :("
" "," "," "," ","@mxskaan: British boys :(((((("
" "," "," "," ","@NiallOfficial why don't u want to marry my sister @dzheruk_polina ? :("
" "," "," "," ","@NiallOfficial Hi :') How are you?? Please Ni all at least a Hello Yes? Please DM?! Is crazy not? :(I would be happy for a lifetime!x19,864"
" "," "," "," ","@Louis_Tomlinson Louis, u r my world, the reason of my life, but I think u have millions of fans and you will never care for me. :(x67088"
" "," "," "," ","It's pissing down. Winter is finally here :-("
" "," "," "," ","“@shawnswiener: Taylor coming here tomorrow & i ally wanted to go to see Erin :-(“  IM CRYING"
" "," "," "," ","@KevinATBoltonFM Just tuned in via the @BoltonFM app, but I can't hear you. :("
" "," "," "," ","When all the biking homes r busy :(("
" "," "," "," ","@eibaaan9 in all at the house :((((this is so sad"
" "," "," "," ","I want a dog so bad :("
" "," "," "," ","My phones about to die :-(knew"
" "," "," "," ","@Blvkforex Haley was?he you should see he they look, I swear o key Lela.they look like shit :("
" "," "," "," ","@Nashgrier never follow me NashAndJacksNewVideo :(	NashAndJacksNewVideo"
" "," "," "," ","@Louis_Tomlinson Louis, u r my world, the reason of my life, but I think u have millions of fans and you will never care for me. :(x67087"
" "," "," "," ","Never sleep inn no more :("
" "," "," "," ","@Luke5SOS @Ashton5SOS @Michael5SOS @Calum5SOS PLEASE FOLLOW ME :(@5SOS vote5sos x104	vote5sos"
" "," "," "," ","@carladavie_: I feel so unbelievably white :(("
" "," "," "," ","Hi @zaynmalik @Harry_Styles hope you're both well. Could you please follow me? It would mean the world to me make it happen :(10.678"
" "," "," "," ","@FifthHarmony VoteFifthHarmony FOLLOW ME PLEASE GIRLS :(I LOVE YOU<3 16	VoteFifthHarmony"
" "," "," "," ","@francescagroom1 OK now you have just upset me again :("
" "," "," "," ","And that's probably before taxes :(RT @_iamextra: Broke Niggard Stand To The Left @HLINK"
" "," "," "," ","@ShawnMendes follow me :("
" "," "," "," ","Stuck behind some cunt going at 40 in a 60 zone for 30 minutes :("
" "," "," "," ","@NiallOfficial Hi :') How are you?? Please Ni all at least a Hello Yes? Please DM?! Is crazy not? :(I would be happy for a lifetime!x19,863"
" "," "," "," ","@omgzouis: all I want is for someone to let me have access to Louis/5 :(EMABiggestFans1D	EMABiggestFans1D"
" "," "," "," ","I wonder if I'm the only one who wishes men would understand how crazy hormones make women feel :(not like they can be controlled"
" "," "," "," ","@joeystequila @sassygraceffa @idkdul she came into her room whilst I was skying and got mad because I blocked my camera :("
" "," "," "," ","@Nashgrier @HLINK NashAndJacksNewVideo ho watch this video.is so funny :(<3	NashAndJacksNewVideo"
" "," "," "," ","@karypoo_ wow gay :("
" "," "," "," ","@drewmashton: I burned my tortilla :-(vote5sos	vote5sos"
" "," "," "," ","How much I regret leaving the guitar classes abruptly?? I got an answer to this question :("
" "," "," "," ","@PhillyOTRATour iii class help me by liking my entry on in plus :((this is the link @HLINK"
" "," "," "," ","This kids name is really demon. I've made 3 targaryen jokes and no-one has got the reference :("
" "," "," "," ","@TeddiAvelino eighth love :(what's wrong fiber me or something."
" "," "," "," ","@swhjinah: I'm still not fighting :("
" "," "," "," ","I Just Wanna Be Your Best Friend Again :("
" "," "," "," ","Nash. :(Follow me, please. Ily @Nashgrier NashAndJacksNewVideo x25 	NashAndJacksNewVideo"
" "," "," "," ","@larhyE: sub @itz_timzy: I'm addicted to wanting things I can't have. :("
" "," "," "," ","@Luke5SOS @Ashton5SOS @Michael5SOS @Calum5SOS PLEASE FOLLOW ME :(@5SOS vote5sos x128	vote5sos"
" "," "," "," ","@BadBoyDaryl ah :(yeses, but I don't use"
" "," "," "," ","@NiallOfficial Hi :') How are you?? Please Ni all at least a Hello Yes? Please DM?! Is crazy not? :(I would be happy for a lifetime!x19,888"
" "," "," "," ","@uglyratIrh @pIastickitten I miss her :-("
" "," "," "," ","Bye.it's 2 am :(Bob tomorrow. Maybe I'll be active BC i have nothing to do. Me FREE BYE LY :*"
" "," "," "," ","@StephanieNala I'm so sad I couldn't come and see you :(hopefully next time ! X"
" "," "," "," ","@_Snowiie Lao and its so visible died Ted :("
" "," "," "," ","NashAndJacksNewVideo @Nashgrier To me you do not follow !! :(:'(FOLLOW ME BAE <3 @HLINK	NashAndJacksNewVideo"
" "," "," "," ","Pot I want her :("
" "," "," "," ","@Beautiful_Mind5 I'm stuck in Nashville making coffee :(imcryingrealtears	imcryingrealtears"
" "," "," "," ","@Tandil1368 I'm sorry to hear that dude. I love cats :-("
" "," "," "," ","@Nashgrier Follow Me Please? :("
" "," "," "," ","@PeppySheppys Noah that's a lot of food! I only get 150 grams for dinner :("
" "," "," "," ","How “under 21” are you?  “@Iam_TheSquire: @Thick_swaloured low I know hey :(“"
" "," "," "," ","Not looking forward to going to this party alone :(((ugh."
" "," "," "," ","My phone keeps changing language and then everything gets so fucked :("
" "," "," "," ","@MarielaYaDigg: Never sleep inn no more :("
" "," "," "," ","Wish u we're here :(("
" "," "," "," ","@emily_charman new sorry :(it hurts too much to move! Have a good night!xx"
" "," "," "," ","@camilacabello97: I know Ur upset about the album date being pushed back :(but u guys have waited a while for this and we're making sure..."
" "," "," "," ","“@mianitelli: have a good Saturday everyone!!!!(:(: @HLINK"
" "," "," "," ","Anyone watches Doctor Who tonight? Last episode in the season :("
" "," "," "," ","NashAndJacksNewVideo in trying to tweet the link swell but in having trouble with it :(Love the video by the way! NEVER LAUGHED SO HARD!	NashAndJacksNewVideo"
" "," "," "," ","@VergetteGardens @Saralimback painful to see such things :("
" "," "," "," ","@kristaltolento: I want wing stop :("
" "," "," "," ","“@craicostyles:THIS IS WHAT IT LOOKED LIKE BEFORE SHIT WENT DOWN EMABiggestFans1D @HLINK this was honestly the worst day	EMABiggestFans1D"
" "," "," "," ","@cjori please reply if yes or no :("
" "," "," "," ","@CodySimpson You are so beautiful back to Argentina :(1YearOfBelieveTourInArgentina @HLINK	1YearOfBelieveTourInArgentina"
" "," "," "," ","@FifthHarmony VoteFifthHarmony FOLLOW ME PLEASE GIRLS :(I LOVE YOU<3 34	VoteFifthHarmony"
" "," "," "," ","@hotterthanfuck iii class help me by liking my entry on in plus :((this is the link @HLINK"
" "," "," "," ","@_sophie1: I hate making decisions Job or qualification :("
" "," "," "," ","Forget for everything :("
" "," "," "," ","LEAN DEACTIVATED :("
" "," "," "," ","Looks like they got that first half goal updated to what I thought it should be an OG off Del. :("
" "," "," "," ","@NiallOfficial: These leave us today! :(@HLINK"
" "," "," "," ","@_siaanx that will be a fine :("
" "," "," "," ","@ohsehuns: I would trade anything i have just to see them complete again :(@HLINK"
" "," "," "," ","In need of some milk for my cereal :("
" "," "," "," ","FOLLOW ME BABE ALWAYS YOU IGNORE ME :(GO AND WATCH: NashAndJacksNewVideo @HLINK @Nashgrier	NashAndJacksNewVideo"
" "," "," "," ","Car broke down last night :(forgot to turn the lights off when I was parked and ran the battery down"
" "," "," "," ","NashAndJacksNewVideo please Nash :(follow me fly @HLINK @Nashgrier	NashAndJacksNewVideo"
" "," "," "," ","GO WATCH @Nashgrier NEW VIDEO! NashAndJacksNewVideo  I love you! Follow me please :(  1	NashAndJacksNewVideo"
" "," "," "," ","@NiallOfficial Hi :') How are you?? Please Ni all at least a Hello Yes? Please DM?! Is crazy not? :(I would be happy for a lifetime!x19,893"
" "," "," "," ","@NiallOfficial @dcfcofficial too bad you had to beat my team :(but I've got to hand it to derby!! They wiped us off the pitch in 1st half!!"
" "," "," "," ","Board :("
" "," "," "," ","Uh-oh. Sounds like nephew's first choir concert did not go well. :(Hoping he didn't get kicked out. Height call sis for details tonight."
" "," "," "," ","@GoseJonzalez new York :("
" "," "," "," ","“Chronic over nutrition” is a nice way of saying you eat too much. Also, doing nutrition he on a Saturday = doing 4th year wrong >:("
" "," "," "," ","@shmaraellen mom, are u angry with me? U don't far my tweets :("
" "," "," "," ","@Luke5SOS @Ashton5SOS @Michael5SOS @Calum5SOS PLEASE FOLLOW ME :(@5SOS vote5sos x132	vote5sos"
" "," "," "," ","@JoshDaTrapLord: When you spill your oregano while holding a cinnamon stick :-((@HLINK"
" "," "," "," ","@ashhbons whaaaaat your in twitter now?  I'll get a job soon but dad won't let me :(but yes I'll move with you to San Diego"
" "," "," "," ","@NkakiniEcheonwu ah I got u now no penny not pd with u she mentioned u was doing something penny been ill for 3 weeks :(x"
" "," "," "," ","@ohsehuns: let's go back to our never land :(@HLINK"
" "," "," "," ","@NiallOfficial Hi :') How are you?? Please Ni all at least a Hello Yes? Please DM?! Is crazy not? :(I would be happy for a lifetime!x19,892"
" "," "," "," ","@FifthHarmony VoteFifthHarmony FOLLOW ME PLEASE GIRLS :(I LOVE YOU<3 33	VoteFifthHarmony"
" "," "," "," ","@poeguyz Please don't learn BSI. It's the worst speed game ever. :("
" "," "," "," ","@lavanyabhardwa1 I think my birthday now, so BAD BAD :(please say happy birthday"
" "," "," "," ","shames It's impossible to reach Grand Master, there is a problem with the points :(Please patch it soon."
" "," "," "," ","GO WATCH @Nashgrier NEW VIDEO! NashAndJacksNewVideo  I love you! Follow me please :(	NashAndJacksNewVideo"
" "," "," "," ","@lucho_berta: MemoirsOfaLittleMonster This :(@HLINK	MemoirsOfaLittleMonster"
" "," "," "," ","I always accidentally eat my hair :("
" "," "," "," ","@NiallOfficial Hi :') How are you?? Please Ni all at least a Hello Yes? Please DM?! Is crazy not? :(I would be happy for a lifetime!x19,891"
" "," "," "," ","Can't sleep :("
" "," "," "," ","Being sick sucks :("
" "," "," "," ","@2Fingers1Tongue :-(ink why . I know you're number"
" "," "," "," ","Sad I work two shifts today :-("
" "," "," "," ","@JakeBoys i always wanted one but nobody would ever get me one :("
" "," "," "," ","NashAndJacksNewVideo @Nashgrier hey love can u follow me? I love you so muchhhh PLEASE :(link!- @HLINK x682	NashAndJacksNewVideo"
" "," "," "," ","@SEBTSB :(Do me"
" "," "," "," ","@Board_4_Lyfe My blown face pics I can't use them ...:("
" "," "," "," ","@camerondallas you don't know how much I need you now :("
" "," "," "," ","@elyseannear iii class help me by liking my entry on in plus :((this is the link @HLINK"
" "," "," "," ","Mg shit weather, stop raining already! :-(x x"
" "," "," "," ","NashAndJacksNewVideo. @Nashgrier. @HLINK Will you EVER Notice me :(NashAndJacksNewVideo	NashAndJacksNewVideo., NashAndJacksNewVideo"
" "," "," "," ","NashAndJacksNewVideo please Nash :(follow me fly @HLINK @Nashgrier d	NashAndJacksNewVideo"
" "," "," "," ","GO WATCH @Nashgrier NEW VIDEO! NashAndJacksNewVideo  I love you! Follow me please :(  4	NashAndJacksNewVideo"
" "," "," "," ","@Reed_Xcv :(I feel bad offs"
" "," "," "," ","Where are my leggings :(((("
" "," "," "," ","Twas a bluebird kinda night.happy birthday fullscreenmilo !! Fish and chips sadness. :(@HLINK"
" "," "," "," ","@amathison44 miss you :("
" "," "," "," ","Loop is eventually going to get the sack from Dortmund, and were going to miss out on him because Winger is still here :("
" "," "," "," ","Beyond a joke here in Derby, fireworks going off sounds likes bombs, my poor dog is terrified :-("
" "," "," "," ","promotional Break Free got ~20m :("
" "," "," "," ","@mustafaramalan: This ad by @APCNigeria made me :(because it 'truly' portrays the many diseases of CORRUPTION in our daily lives. Https..."
" "," "," "," ","@mydarrencriss yea... ugh. I really hope he does a tour soon so I can finally meet him. Listen up made me so sad that I couldn't go :("
" "," "," "," ","@ayr didn't know my referral $20 from @binghott expired :(I had saved it in my email for a special day! The email didn't have an expiration"
" "," "," "," ","@MackNSweetJones: Lmfaooooooooooooooo @BoneyStarks: :( @HLINK"
" "," "," "," ","Kaylie isn't gonna feed me when I go to her house :("
" "," "," "," ","@Luke5SOS @Ashton5SOS @Michael5SOS @Calum5SOS PLEASE FOLLOW ME :(@5SOS vote5sos x137	vote5sos"
" "," "," "," ","I wish Kate was in long beach with me!!! :("
" "," "," "," ","@SuuuHieee with why didn't you say hi?! :("
" "," "," "," ","Ummm RT @MackNSweetJones: Lmfaooooooooooooooo RT @BoneyStarks: :( @HLINK"
" "," "," "," ","titanium okay wait :(("
" "," "," "," ","@Vic10Lewis didn't see u :(x"
" "," "," "," ","@poseysdreams :((((cries"
" "," "," "," ","@FifthHarmony VoteFifthHarmony FOLLOW ME PLEASE GIRLS :(I LOVE YOU<3 36	VoteFifthHarmony"
" "," "," "," ","NashAndJacksNewVideo please Nash :(follow me fly @HLINK @Nashgrier c	NashAndJacksNewVideo"
" "," "," "," ","@Matty_T15 @BIG_poppa_69_ it's from anchorman :-("
" "," "," "," ","@vijay_cjv I know you wont read this tweet I love you always my Dr Anna, my hero from my childhood, my everything:*! Had today tamilschool :("
" "," "," "," ","@MadisonElleBeer: The wife in my house is out :("
" "," "," "," ","@simran__yadav: When are we getting these pictures.please post them slew :-(SurVir @RealKVB @forum32dotcom @RushTrip @HLINK	SurVir"
" "," "," "," ","@xoDahliaDee working :("
" "," "," "," ","@EpikSHINee oh okay hey. Damn I missed your day :((well then 2015 is coming soon low"
" "," "," "," ","@NiallOfficial Hi :') How are you?? Please Ni all at least a Hello Yes? Please DM?! Is crazy not? :(I would be happy for a lifetime!x19,898"
" "," "," "," ","“@94slogic: @hardlyniall @SPANKMECLIFFORD she needs that melanin with them sleep ass comebacks”:((("
" "," "," "," ","I cut my finger. >:("
" "," "," "," ","Sorry for the spam :(I needed to put that somewhere other than my mind and heart"
" "," "," "," ","Really have missed Paige and Will :("
" "," "," "," ","@DsamboUnchained @supakrule turning it off now Michael gone :((("
" "," "," "," ","@MsAbdul_: tried everywhere to find this but I couldn't :(And yes, I do know it's in the DX DVD. @HLINK"
" "," "," "," ","@Lizzie_Dat_NYC @rosaazulx3 sorry for your loss :-(addiction is so powerful"
" "," "," "," ","@NOLlNSKI yeah :(going to take some pictures"
" "," "," "," ","@BizzleSwagiie I wanna talk to you :(what language speaks in Egypt? I'm stupid Haley EMABiggestFansJustinBieber	EMABiggestFansJustinBieber"
" "," "," "," ","@apudian123: My toe hurts so baddddd :("
" "," "," "," ","Smashed my phone, then my watch and now my mirror, all in the space of a week. Wt :("
" "," "," "," ","Hard to accept the fact that its been almost four years now since it happened :("
" "," "," "," ","@Aprils_Reign Always only these automated tweets! :(Hope you're OK, sweetheart."
" "," "," "," ","NashAndJacksNewVideo @Nashgrier hey love can u follow me? I love you so muchhhh PLEASE :(link!- @HLINK x	NashAndJacksNewVideo"
" "," "," "," ","@myeolchovy they're all in my bookmarks and in not home RN :((sweet box store and euphoria are my faves tho (both r storenvy stores))"
" "," "," "," ","I hate when my ladies have relationship problems :("
" "," "," "," ","He stopped :-(("
" "," "," "," ","@WinWin71769 no thanks :("
" "," "," "," ","@Luke5SOS @Ashton5SOS @Michael5SOS @Calum5SOS PLEASE FOLLOW ME :(@5SOS vote5sos x141	vote5sos"
" "," "," "," ","I hate being under the dryer son :("
" "," "," "," ","News update: she did not like my 74 >:(("
" "," "," "," ","And Iowa is back to being bad at football again :("
" "," "," "," ","@EpicTeenyQuotes Teenyyyyy, I miss you :(mirandasingsbath @HLINK	mirandasingsbath"
" "," "," "," ","@FifthHarmony VoteFifthHarmony FOLLOW ME PLEASE GIRLS :(I LOVE YOU<3 39	VoteFifthHarmony"
" "," "," "," ","GO WATCH @Nashgrier NEW VIDEO! NashAndJacksNewVideo  I love you! Follow me please :(  9	NashAndJacksNewVideo"
" "," "," "," ","@stylesftzjm @nouisandlarry93 same :(can I join u"
" "," "," "," ","I need to clean my room then workout :(("
" "," "," "," ","@TuberTeen925: Post pictures of your sunshine tag thingy Tagged by: @thisisphantasy (I couldn't fit all my sunshine :() @HLINK"
" "," "," "," ","I WILL MISS VOTING :(EMABiggestFans1D	EMABiggestFans1D"
" "," "," "," ","@kumailn I'd rather not :("
" "," "," "," ","@Jay_Dubblay blame it on Cheap liquor :("
" "," "," "," ","FCK! QPR in front :("
" "," "," "," ","@FantasyLifeBro the goddess ship?? No one is in it :("
" "," "," "," ","Ugh I don't feel so good :("
" "," "," "," ","@OriolesMemes: Man I miss baseball so much :("
" "," "," "," ","May Humor :("
" "," "," "," ","@lavendermuke I wish these matched my in feed :(("
" "," "," "," ","@lordbuddah like is an understatement... But you haven't even watched it comes on :(I dislike some OP fans though"
" "," "," "," ","Have you ever felt so alone it hurts? That's how I feel now. :("
" "," "," "," ","“@ProjetoIdols: Quote if you want @ShawnMendes follows. SomethingBigVideo “ please :(	SomethingBigVideo"
" "," "," "," ","GO WATCH @Nashgrier NEW VIDEO! NashAndJacksNewVideo  I love you! Follow me please :(  8	NashAndJacksNewVideo"
" "," "," "," ","Pleaaaaaaaaaaaaase :(@HLINK"
" "," "," "," ","Now that u left who is going to actually care about me?....:("
" "," "," "," ","RIP. Rick :(@HLINK"
" "," "," "," ","The bird bit me twice...ow :(I'm just trying to feed you!"
" "," "," "," ","The coffee I had this morning back fired at me, now my stomach hurts :("
" "," "," "," ","GO WATCH @Nashgrier NEW VIDEO! NashAndJacksNewVideo  I love you! Follow me please :(  21	NashAndJacksNewVideo"
" "," "," "," ","@jennacoleeman: SaveSelfieABC I'm sad :(@HLINK	SaveSelfieABC"
" "," "," "," ","@wildcatmgc @uglyratIrh YOU GUYS ARE SO CUTE :(((((((((((((((((((("
" "," "," "," ","@Tarfugaming I'm so serious I can't be there! And I'm like just over an hour away :("
" "," "," "," ","I'm at McDonald's by myself :-(trying to look cool tho"
" "," "," "," ","@GrimsToyShow grim I can't go to NJCC.:("
" "," "," "," ","I don't deserve nice things :("
" "," "," "," ","Had dude!! Was so bummed wen Pinks told me she saw u :(“@Kwandokuhle_001: I Saw you from a distance today... @M_Gieezy”"
" "," "," "," ","I miss you more than words can say :(,"
" "," "," "," ","Eyebrows need to be done but deer brook is 30 mind away :("
" "," "," "," ","Ne-Yo - Let Me Love You (Until You Learn To Love Yourself): @HLINK via YouTube ...:("
" "," "," "," ","What do I tweet you for you to notice it :((@ShawnMendes"
" "," "," "," ","@LarryIsRealityx: LarrySecretTouchesSpam This is so sad :(@HLINK	LarrySecretTouchesSpam"
" "," "," "," ","Good morning :("
" "," "," "," ","@pressurethe1975 It was a good thing, but she has so many fans and I don't want more people knowing who The 1975 are hey :("
" "," "," "," ","Days like this I wish I would've been selfish and brought my ps3 with me :("
" "," "," "," ","NashAndJacksNewVideo @Nashgrier I want your follow :(	NashAndJacksNewVideo"
" "," "," "," ","@miranda_cerny: I miss my boo wheezier :("
" "," "," "," ","As I read in an article a few months ago, the plans of Israel are coming true :(@HLINK"
" "," "," "," ","@Sexismyoption: Cuddle weather :-("
" "," "," "," ","Crude xpek might kick you :("
" "," "," "," ","@Luke5SOS @Ashton5SOS @Michael5SOS @Calum5SOS PLEASE FOLLOW ME :(@5SOS vote5sos x159	vote5sos"
" "," "," "," ","I'm here without you baby but you're still on my lonely mind... I think about you baby. And I dream about you all the time :("
" "," "," "," ","Two weeks. :-("
" "," "," "," ","@abdullah_0mar I tweeted but my Tweet got stuck in WormHole :(Interstellar	WormHole, Interstellar"
" "," "," "," ","Arent beds supposed to make me sleepy but why am i still awake :("
" "," "," "," ","@Feministnerd @MediocreJedi ya that's really the only way to do it now sadly. :("
" "," "," "," ","@HLINK I'M DYING OK HAHAHAHAHA @Nashgrier Please follow me babe ills :(NashAndJakckNewVideo 44	NashAndJakckNewVideo"
" "," "," "," ","NashAndJacksNewVideo Nash follow me :(	NashAndJacksNewVideo"
" "," "," "," ","GO WATCH @Nashgrier NEW VIDEO! NashAndJacksNewVideo  I love you! Follow me please :(  20	NashAndJacksNewVideo"
" "," "," "," ","@FifthHarmony VoteFifthHarmony FOLLOW ME PLEASE GIRLS :(I LOVE YOU<3 46	VoteFifthHarmony"
" "," "," "," ","@IPC_Dalek you know I wasn't interested in it anyways, but from watching a lot of people, for me it looks like a Bo2 DLC with jumping :("
" "," "," "," ","Kayleigh is making me feel sad BC i wanna meet my internet friends :("
" "," "," "," ","@ShawnMendes SomethingBigVideo Hey, a friend will see you soon without me :(so a follow would mean so much baby...please ?  Love you xx 43	SomethingBigVideo"
" "," "," "," ","I would do anything for it not to be like this :("
" "," "," "," ","Sad reality :(MemoirsOfaLittleMonster @HLINK	MemoirsOfaLittleMonster"
" "," "," "," ","Sorry, I know those oil devils “@IvmSims: Muscle pull :(“"
" "," "," "," ","No one will celebrate my birthday again this year. No one even cares about my birthday anyway. :("
" "," "," "," ","@hannahbrooke145 I have soccer :-(((brick"
" "," "," "," ","@itsAubreyGrace: “@ohsehuns: I miss OT12 so much, it hurts every single day :(“"
" "," "," "," ","@feefee_s: Assemblies Ra kola “@i_amBash: Can something funny trend Tu :(“"
" "," "," "," ","Now I'm upset :("
" "," "," "," ","@KianLawley I know right, leftover KD sucks :("
" "," "," "," ",":(“@bdbristow: Big Sean is 5'7 and 159 pounds, yet he calls everyone oil' bitch. You the oil' bitch Sean, you the oil' bitch”"
" "," "," "," ","@GoSoftcard Tried to register the United MileagePlus Software Promotion, but keeps getting “Page not found” after hit submit. :-("
" "," "," "," ","The meet up for today is canceled :(we don't have the fliers and not an a lot of people are coming in sorry :("
" "," "," "," ","I miss Michael streaming :( vote5sos @HLINK	vote5sos"
" "," "," "," ","@NxDaSilva @_Dezzzzz_ there's some people on my team :("
" "," "," "," ","Power cut in messy b :("
" "," "," "," ","I don't want to be sick :("
" "," "," "," ","What to do today? :(("
" "," "," "," ","@tiedtodelena I'm glad & aw we need to talk again baby :("
" "," "," "," ","GO WATCH @Nashgrier NEW VIDEO! NashAndJacksNewVideo  I love you! Follow me please :(  28	NashAndJacksNewVideo"
" "," "," "," ","@_unclassifi3d the struggle :("
" "," "," "," ","@ShawnMendes SomethingBigVideo Hey, a friend will see you soon without me :(so a follow would mean so much baby...please ?  Love you xx 48	SomethingBigVideo"
" "," "," "," ","Not feeling work RN . :("
" "," "," "," ","@iamluisga: @FifthHarmony VoteFifthHarmony FOLLOW ME PLEASE GIRLS :(I LOVE YOU<3 39	VoteFifthHarmony"
" "," "," "," ","I disagree RT @patronusisotter: :(RT @zac_cleary: College football is lame"
" "," "," "," ","Ta :(to be expected who's got the unfortunate task of being in goal ?"
" "," "," "," ","Got the new T-Swift CD, but my house is full of BlizzCon watching boys so I can't listen to it :(SadFace upset CantWait	BlizzCon, SadFace, upset, CantWait"
" "," "," "," ","@teethtv what, i just don't think its fair to expect someone's emotions to pander to your expectations :("
" "," "," "," ","@camilascheese: why do they make each other so happy it doesn't make sense :((votefifthharmony @HLINK	votefifthharmony"
" "," "," "," ","@csshipper: DontCancelSelfie why almost a half of tv-shows I did or do like was canceled or going to be? WHY MEEEE :(	DontCancelSelfie"
" "," "," "," ","@Ashton5SOS I know :(5SOSDoAVote5sosFollowSpree vote5sos	5SOSDoAVote5sosFollowSpree, vote5sos"
" "," "," "," ","@hotboymgc: “@CLIFFORDHIPSTER: ship us :((//tagged by @PUNKLUCIFER // vote5sos @HLINK	vote5sos"
" "," "," "," ","@NiallOfficial Hi :') How are you?? Please Ni all at least a Hello Yes? Please DM?! Is crazy not? :(I would be happy for a lifetime!x19,902"
" "," "," "," ","@dailyx5sosDMS @5SOS me ply :("
" "," "," "," ","First game without Sent. :-("
" "," "," "," ","@mudassarkhan1 Kay hie sir! :-(Ite hi busy! Huh! It's hurting Na! VerySad ComeOnlineSoonMK MissYou	VerySad, ComeOnlineSoonMK, MissYou"
" "," "," "," ","Miss someone :("
" "," "," "," ","@FifthHarmony VoteFifthHarmony FOLLOW ME PLEASE GIRLS :(I LOVE YOU<3 50	VoteFifthHarmony"
" "," "," "," ","@Truman_Green oh low I don't either :("
" "," "," "," ","@dushbunny_ TBA you're really funny and I miss geog class with you DAMN IT :-("
" "," "," "," ","@FifthHarmony VoteFifthHarmony FOLLOW ME PLEASE GIRLS :(I LOVE YOU<3 49	VoteFifthHarmony"
" "," "," "," ","@IIIWright that means no..... :("
" "," "," "," ","What a world we live in :(@HLINK"
" "," "," "," ","They had dinner n puddings and didn't let me try any :-("
" "," "," "," ","@Lewi_Rixton WWW Look you cutie! I need a nice bf but they so hard to find :(I'm getting old and I'm all alone"
" "," "," "," ","Burton :("
" "," "," "," ","@zyrabanez Follow me :/ :("
" "," "," "," ","Yes my header ain't gonna get used if there's a gaming video tonight :("
" "," "," "," ","@muppetelle: @canaryfollower I sort of wish they'd never put him in charge, so that he didn't have to get sacked, it makes me sad :("
" "," "," "," ","Wanting to just curl back up in bed with my woman :("
" "," "," "," ","@bifnaked We're all so sorry :(I got to see you two in Monitor, and he seemed pretty damn awesome."
" "," "," "," ","Surprising FriendCheck result! @justinbieber :(@HLINK	FriendCheck"
" "," "," "," ","@cristoforooo fuck u tho >:("
" "," "," "," ","GO WATCH @Nashgrier NEW VIDEO! NashAndJacksNewVideo  I love you! Follow me please :(  40	NashAndJacksNewVideo"
" "," "," "," ","@CricCrazy08 I was here only.you forgot to reply me :("
" "," "," "," ","@NiallOfficial Hi :') How are you?? Please Ni all at least a Hello Yes? Please DM?! Is crazy not? :(I would be happy for a lifetime!x19,916"
" "," "," "," ","I'm experiencing d same ship “@Its_Quiincy: low...was? “DtweetTALIBAN: :(“@Its_Quiincy: this kinda heat (cont) @HLINK"
" "," "," "," ","@Luke5SOS @Ashton5SOS @Michael5SOS @Calum5SOS PLEASE FOLLOW ME :(@5SOS vote5sos x163	vote5sos"
" "," "," "," ","Fucks sake, 5-0 ? !!! :("
" "," "," "," ","You hurt, I fell hurt to. But what can I do. You ego :(em"
" "," "," "," ","EVERYONE CHECK IT OUT @HLINK   @Nashgrier Please follow me babe ills :(NashAndJakckNewVideo	NashAndJakckNewVideo"
" "," "," "," ",""Blame hunger :(“@Zayynab_: Bet Why?”@AnnexKay: Powerbank “@Datzmenoni: That bank you can't use? WhyTinubuShouldbeVP2015”""”"	"WhyTinubuShouldbeVP2015""""""""
" "," "," "," ","FOLLOW ME ILY :(3> @Nashgrier"
" "," "," "," ","There is that special someone missing in this game....:(R.I. P Sent"
" "," "," "," ","@despicabello: cutest thing alive :(votefifthharmony @HLINK	votefifthharmony"
" "," "," "," ","@paolasaboss I know :(low are y'all going to Mexico that month or no ?:O"
" "," "," "," ","@britneyspears my queen please follow me this is my dream I love you so much, Poland loves you! PieceOfMe2015 :(Xe	PieceOfMe2015"
" "," "," "," ","Is it over yet?. Can I open my eyes?. Is this as hard as it gets?. Is this what it feels like to really cry? :("
" "," "," "," ","@JRusha_: @xorihannaa_ @bmorenavy my plan is to hide in the suitcase. But I might be in there to long if we going through customs :("
" "," "," "," ","@RustyBladez I miss you already :("
" "," "," "," ","@jamesmaslow hey James do you think that always the dreams come true or not ? FollowMe :(x14	FollowMe"
" "," "," "," ","I lost my 2k :(("
" "," "," "," ","@icecreamftmuke: I can't wait for next Tuesday  SomethingBigVideo Shawn follow me please :(@ShawnMendes x47	SomethingBigVideo"
" "," "," "," ","Son :(it's happening Jesus don't allow this, I was only kidding."
" "," "," "," ","But it's okay I can handle it as longs as you're happy :(@HLINK"
" "," "," "," ","@stephy_land I don't have a number here :(I'm already here BTW low"
" "," "," "," ","@Texting_5SOS: Time zones suck :(((vote5sos	vote5sos"
" "," "," "," ","@GrieverBarbeque: Christ / Christ which one is it? Sorry :("
" "," "," "," ","@britneyspears my queen please follow me this is my dream I love you so much, Poland loves you! PieceOfMe2015 :(PW	PieceOfMe2015"
" "," "," "," ","@suhema_anjum: @mudassarkhan1 Kay hie sir! :-(Ite hi busy! Huh! It's hurting Na! VerySad ComeOnlineSoonMK MissYou	VerySad, ComeOnlineSoonMK, MissYou"
" "," "," "," ","“@Brian_HPG: “@LaughingFooty: Maya Tour just took out a little kid... @HLINK :("
" "," "," "," ","@MarisaBrogna u too :("
" "," "," "," ","EVERYONE CHECK IT OUT @HLINK   @Nashgrier Please follow me babe ills :(NashAndJakckNewVideo 54	NashAndJakckNewVideo"
" "," "," "," ","@NiallOfficial Hi :') How are you?? Please Ni all at least a Hello Yes? Please DM?! Is crazy not? :(I would be happy for a lifetime!x19,920"
" "," "," "," ","@CostaCoffee They really need cleaners and pest control in their Glasgow Royal Exchange cafe! Big mess and loads of flies. Disgusting! :-("
" "," "," "," ","Whenever you're not in my presence. It feels like I'm missing my blessings :("
" "," "," "," ","@britneyspears my queen please follow me this is my dream I love you so much, Poland loves you! PieceOfMe2015 :(HQ	PieceOfMe2015"
" "," "," "," ","Didn't realize that coffees come with little metal prizes Starbucks :(@HLINK"
" "," "," "," ","@RenegadeRoss oh Ross it doesn't seem like you're having a good day :-("
" "," "," "," ","Sleep nowhere around me :("
" "," "," "," ","Night cruel world :("
" "," "," "," ","I miss my boo :(..."
" "," "," "," ","@MacHarmon follow me plus mac :("
" "," "," "," ","@Luke5SOS @Ashton5SOS @Michael5SOS @Calum5SOS PLEASE FOLLOW ME :(@5SOS vote5sos x170	vote5sos"
" "," "," "," ","Didn't get to go in the hills this morning! :/ 33week pregnant makes it a bit rough! :("
" "," "," "," ","Not even supposed to be on my phone but no ones here and I'm bored :("
" "," "," "," ","@Tall_Girls_Say especially if you get stuck in a backseat :("
" "," "," "," ","@Cian1009 West Ham :("
" "," "," "," ","Watching oxygen's NaildIt w/ the beautiful @Adrienne_Bailon // watching on demand since I missed it in the week :(team AB	NaildIt, teamAB"
" "," "," "," ","GO WATCH @Nashgrier NEW VIDEO! NashAndJacksNewVideo  I love you! Follow me please :( @HLINK 41	NashAndJacksNewVideo"
" "," "," "," ","@drewcures wrong tag! You forgot the T in biggest.:("
" "," "," "," ","@emilymiddlemas_ Emily over half of your middles have met you and in stuck here having to wait :((but, one day. Eventually."
" "," "," "," ","@RUININGONG_ miss u too :("
" "," "," "," ","@Rain_drops97 u stole my quote u cow :("
" "," "," "," ","@mrvec But 3D game play is kind if a killer for both me and her on that kind of game :(, the one you showed nailed it"
" "," "," "," ","U help people out but no one is there to help u :-(tough world."
" "," "," "," ","Fractured my elbow.... :("
" "," "," "," ","@martin_screams: @jessie_55_ @angellecortez @Laurrr_29 but seriously :(I wanna lobster it up with y'all"
" "," "," "," ","“@EmilyGregorry: My 13 year old sister is hotter than me :(“"
" "," "," "," ","I need to cut my fringe and i also need to watch dig! But I'm not in the mood :((:(:("
" "," "," "," ","@niallafi in the exact same it's the worst thing ever :("
" "," "," "," ","@EdoErgoSum Agree :(very late in the day, maybe too late. But also, lots of emerging debate, action, movements, new awakenings. Hope	hope"
" "," "," "," ","@karinacarrasco_: i wanna go out to eat today :("
" "," "," "," ","@irlfugly: take me back :(best concert of my life can not believe I was this close to my idol <3 @HLINK"
" "," "," "," ","I had a great ability of studying, I want to get it back again :("
" "," "," "," ","@MansaSharif: black people died thinking their skin and hair was ugly. Not knowing how amazing their melanin is :("
" "," "," "," ","Goals :(((vote5sos @HLINK	vote5sos"
" "," "," "," ","It's really gone break my Li pockets :(but IDC I hate this phone."
" "," "," "," ","@ClarissHemmings I love him :(("
" "," "," "," ","@jamesmaslow hey James do you think that always the dreams come true or not ? FollowMe :(x17	FollowMe"
" "," "," "," ","What's up with Twitter? On my time line, it's only showing 1 tweet that was 2m ago.  :("
" "," "," "," ","@DietStoke ah I knew it, you never liked me :("
" "," "," "," ","My mom really hates the red hot chili peppers and every time she hears them playing she will tell me turn it off :("
" "," "," "," ","Sammy: @kyleve I feel ya 1stworldproblems :(	1stworldproblems"
" "," "," "," ","@NiallOficialfk I need you :("
" "," "," "," ","Mg I miss se7en so damn much :(HBDSE7EN31st	HBDSE7EN31st"
" "," "," "," ","@D011st3r I miss you being here! :(X"
" "," "," "," ","GO WATCH @Nashgrier NEW VIDEO! NashAndJacksNewVideo  I love you! Follow me please :( @HLINK 45	NashAndJacksNewVideo"
" "," "," "," ","@boocaprincesses iii loves I missed you guys sew much like its been sew long :-(:-("
" "," "," "," ","Miss driving my trap wagon T1 :("
" "," "," "," ","GO WATCH @Nashgrier NEW VIDEO! NashAndJacksNewVideo  I love you! Follow me please :( @HLINK 50	NashAndJacksNewVideo"
" "," "," "," ","EVERYONE CHECK IT OUT @HLINK   @Nashgrier Please follow me babe ills :(NashAndJakckNewVideo 69	NashAndJakckNewVideo"
" "," "," "," ","@amm_alaa @zaynmalik @Louis_Tomlinson me too :-("
" "," "," "," ","@NiallOfficial Hi :') How are you?? Please Ni all at least a Hello Yes? Please DM?! Is crazy not? :(I would be happy for a lifetime!x19,929"
" "," "," "," ","@BrieBellamode2 What's wrong baby? :("
" "," "," "," ","@virginmedia: @fxxggot Oh dear :(what happens if you press where it says no? Does it search for networks again? Are there any ... HTTP..."
" "," "," "," ","@ouririshcraic I was being sarcastic :("
" "," "," "," ","@ddstyy :(mine didn't come in. So sad loll"
" "," "," "," ","@whxteverhemmo: goals :(((vote5sos @HLINK	vote5sos"
" "," "," "," ","@Wangukin it spread internationally & I remember some Southeast Asian fans actually believed it :((("
" "," "," "," ","Ugh! My hair :((("
" "," "," "," ","I really don't want to see Texas get run over today by WV :((("
" "," "," "," ","Rajah came out of nowhere to try my life :(("
" "," "," "," ","The can't come out yet because one of the boys doesn't feel good :(:(EMABiggestFans1D	EMABiggestFans1D"
" "," "," "," ","One of the boys is sick :("
" "," "," "," ","@DaVince21 Hello! And yeah, I really gotta redo that someday and link to some new things, all those sites are gone now :("
" "," "," "," ","Sobbing at the John Lewis advert :("
" "," "," "," ","@iHarryNavy: Oh no one of the boys was being sick :("
" "," "," "," ","@FaZeJev: I got a supply drop, immediately backed out and it wasn't there. :(They're catching on."
" "," "," "," ","I'm sad and surprised. When did @illegaljacks close down? :-("
" "," "," "," ","1D can't come on stage yet because apparently one of the boys aren't feeling well :("
" "," "," "," ","No what :("
" "," "," "," ","@taylorcaniff babe surprise me with a follow i wanna hug you so bad :(love you day!! Be my 1/12 votefifthharmony 13	votefifthharmony"
" "," "," "," ","I miss scrubs :("
" "," "," "," ","My mommy left me :(@HLINK"
" "," "," "," ","@_Sana02Sugar @_SpiceMeg awe miss her :("
" "," "," "," ","All the feels :(DoctorWho	DoctorWho"
" "," "," "," ","This breaks my heart RT “@itssMelii: It's a shame that your catfish. :(@nymphchyna”"
" "," "," "," ","@tfhyukjae I should start revising too :("
" "," "," "," ","@thewonderfears I'm sorry about your wipers :("
" "," "," "," ","Still crying about missing pretty lights at Hard :(someone owes me big time.  Cough @aa_nga"
" "," "," "," ","OH ONE OF THE BOYS ISN'T FEELING GOOD TONIGHT THAT'S WHY WE ARE WAITING :("
" "," "," "," ","So apparently one of the boys got sick?? Noooo :("
" "," "," "," ","@UltraSuristic: Err I guess 'assists' won't count from now on :(@LeahVdc: Real Madrid taking over...  Top Lisa as sisters @HLINK..."
" "," "," "," ","MYCROFT IS INSECURE ABOUT HIS WEIGHT :-("
" "," "," "," ","@Zak_Bagans @NickGroff_ @AaronGoodwin @GhostAdventures just finished every episode of GA on Netflix. Why aren't they all up?! I'm sad :("
" "," "," "," ","@ladygaga: :(7 more shows. Here we go Barcelona, I cannot wait to get on stage and show u how much I love you @HLINK"
" "," "," "," ","@HaloFollowerCom where's all your videos gone? :( I was just about to check your recent you tube uploads there is nothing there."
" "," "," "," ","@BixbersShottie I miss you and me too :("
" "," "," "," ","Gutted that it's that time again :(the series of Doctor Who is over I've been well impressed with Carey and loved the series DoctorWho	DoctorWho"
" "," "," "," ","@JasmineBeltran oh my gosh somebody fucked up bad :("
" "," "," "," ","@TRENT0NN: She goes yell at me when I sign back in :("
" "," "," "," ","Too exhausted. :-("
" "," "," "," ","@woah5harmony: I feel sick :(votefifthharmony	votefifthharmony"
" "," "," "," ","@xUpdates5SOSx: i have man arms :-(km vote5sos Lizzy	vote5sos"
" "," "," "," ","@abbyfernandezz: girls are so pretty wt :(("
" "," "," "," ","I really don't like feeling sad :("
" "," "," "," ","I want letters and gifts for Christmas from list :-(i wanna send letters and gifts for Christmas to list :-("
" "," "," "," ","Clara though. :("
" "," "," "," ","My Follower are not active :(!?"
" "," "," "," ","@ArianaGrande: I hate leaving home & my far :(I hate traveling but I UV traveling u know what I mean"
" "," "," "," ","@WeShipLarryLove: One of the boys feel sick... :( EMABiggestFans1D	EMABiggestFans1D"
" "," "," "," ","It's probably zany who isn't feeling well because he skipped interviews earlier this week BC he was sick :("
" "," "," "," ","Fed up with Christmas adverts already! Cant cope with this for the next 6 weeks :(humbug christmasadverts	humbug, christmasadverts"
" "," "," "," ","@nkhjauregui: They're so cute though :(@HLINK votefifthharmony	votefifthharmony"
" "," "," "," ","@PikaChulita I can't :(being a that is in my blood"
" "," "," "," ","@onedirection who is ill from you boys? :("
" "," "," "," ","@jakemiller Follow me please it's my dream! :("
" "," "," "," ","Oaf! Wandering around the room aimlessly because I don't know what to do... I've been in this funk for days and it's so frustrating :("
" "," "," "," ","@NiallOfficial: “@cxddlesniam: @NiallOfficial @officialgaa so sickened Tip lost :(“good performance in the end though"
" "," "," "," ","teams I was trying to get your link to the Specify link on my phone...technology is not my friend tonight!  So about Liverpool :("
" "," "," "," ","Looking to the left because you were right about my trim, it's fucking awful :(@HLINK"
" "," "," "," ","@StephanieFierce: So “Runway” featured Jay? Damn. :(@HLINK"
" "," "," "," ","Does anyone have a website to stream the UTEP game? :("
" "," "," "," ","@aziizza_: I can't find the words that describe how much I love you :(-s"
" "," "," "," ","@iwillkeepitlow :((((((((((((((( same man  good and yet sad feeling  So ready to see you and bap again like??? Please"
" "," "," "," ","Awe so has Clark left now? :("
" "," "," "," ","Bashing doesn't fix anything, but actually make it all worse :(so stop bashing please. '-')b"
" "," "," "," ","@itsbritishluv Sorry, I'm crying over DoctorWho season finale so I'm not in mood to destroy that even more talking about my ages. :(	DoctorWho"
" "," "," "," ","I wish I was lovable :("
" "," "," "," ","@partyxhemmings one of them isn't feeling good :("
" "," "," "," ","One of the Boys is sick :( EMABiggestFans1D	EMABiggestFans1D"
" "," "," "," ","I think after 2 years it's time for a new one :(@HLINK"
" "," "," "," ",":-(hate when this happens to me"
" "," "," "," ","@crankyflier WWW poor thing! :("
" "," "," "," ","One direction are gonna perform on wetter days now and I can't watch it in :-(vote5sos	vote5sos"
" "," "," "," ","@glaringnarry fly thanks :("
" "," "," "," ","@WombatIDeegaf: OF Carnival is today & I'm not going :("
" "," "," "," ","@BEK72x: @hadeelalqattan I need to sleep and wake up at 2017 :("
" "," "," "," ","Are doesn't like me :("
" "," "," "," ","Who's feeling sick what :("
" "," "," "," ","@atlreactions: sad story :(@HLINK"
" "," "," "," ","@howaboutlester too expensive :((("
" "," "," "," ","Someone plays w me I don't wanna do he :("
" "," "," "," ","THAT PENGUIN THOUGH ON THE JOHN LEWIS ADVRT. :("
" "," "," "," ","BOYS :-("
" "," "," "," ","@Sara_Hussain_ it's only Jinyoung that looks like John from certain angles, it doesn't seem to work the other way around for some reason :("
" "," "," "," ","Who's not well :("
" "," "," "," ","I Will Be Sore Tomorrow Thou :("
" "," "," "," ","And next episode is gonna suck us the moms are showing up and Curtis is gone :("
" "," "," "," ","@INeedJa_Kadeeja I'm sorry :("
" "," "," "," ","@Nashgrier I AM NOT A MAGCON FAM BUT I WILL DO IT NashAndJacksNewVideo MAKE SURE TO GIVE THUMBS UP :(	NashAndJacksNewVideo"
" "," "," "," ","And it's getting dark :(."
" "," "," "," ","One of the boys is sick :("
" "," "," "," ","Aw someone just re tweeted Monty the Penguin into my time line and I immediately assumed it was a parody account but it's not :("
" "," "," "," ","@DonnaMay5 it just stopped raining ! Now we have snow :(dammit"
" "," "," "," ","@xleannem: I always say in but I'm still awake :(votefifthharmony	votefifthharmony"
" "," "," "," ","@MsSarahPaulson I AM HERE, LOOK AT ME!! You need to notice me because I love you :-("
" "," "," "," ","@Tomkingbekhor all four of those guys have been on in the past 3 weeks...guess you missed them :("
" "," "," "," ","@justiceluxo use :((AF"
" "," "," "," ","Still missing the beautiful and funny Joan Rivers :("
" "," "," "," ","One of the boys is sick :(EMABiggestFans1D	EMABiggestFans1D"
" "," "," "," ","@City_Watch: Poor kid. :(@HLINK"
" "," "," "," ","@queenkordei97: ''@despicabello: MY TWITLONGER THING IS BROKEN votefifthharmony'' SAME :(	votefifthharmony''"
" "," "," "," ","@callumjwood98 dude I was like a 6 year old then i seen the john Lewis advert and nearly cried I want penguin :("
" "," "," "," ","@Miya_RS Problem is those people are either offline, away or busy all the time :("
" "," "," "," ","@alyssa_lopez4: @JessicaNia99 I know! I was looking all over for one but couldn't find one :("
" "," "," "," ","@karlambiehl17 was it a buy the twins shows day :(JEALOUS YET AGAIN"
" "," "," "," ","@DoctorOswald_ I mean it was cute that he gave the little boy his life back but still :(("
" "," "," "," ","“@queenkordei97: ''@despicabello: MY TWITLONGER THING IS BROKEN votefifthharmony'' SAME :(“	votefifthharmony''"
" "," "," "," ","Goals :("
" "," "," "," ","@PretendLouHoltz: Everett stop.  :("
