" "," "," "," ","@sexygifsdotcom: SexyGifsDomComBabes Jessie Rogers :) @HLINK	SexyGifsDomComBabes"
" "," "," "," ","“@ahmedshahzad_fc: @reebalkhan @ijaz_ijaz2 is Thai I day b 25 KO” H'day to me ND to you two :)"
" "," "," "," ","Graham balls' ATM :)"
" "," "," "," ","New haircut, new hair color. :))) @HLINK"
" "," "," "," ","@vixen1rose Even from that distance, you can't help but notice your stunning smile. :)"
" "," "," "," ","@iconicsiick You got any games? :)"
" "," "," "," ","Batla ho ETA some comparisons Wei BO :) RT @Beedagal: Sh! :'D RT @tuks134: Chelsea Le Liverpool Kelley DI bond...awaiting Matshediso's ass"
" "," "," "," ","If you're into some peculiar and musical stuff, follow me on instagram! -> hmyx_ :) Music Instagram Guitar	Music, Instagram, Guitar"
" "," "," "," ","John: @strastford shots thank you :)"
" "," "," "," ","My ball team in gym is on a winning streak. 3-0 good job ladies :) @sclester_11 @mayday_xx"
" "," "," "," ","@TYRAAABANKS Great. :) ill call you, maybe tom. Is your number still the same ?"
" "," "," "," ","@OneDrecti0nFans: 1= 1VOTE Night Changes Lyrics! :D EMABiggestFans1D @HLINK	EMABiggestFans1D"
" "," "," "," ",""@90skidziaIl: “@cockslutzen: “@cutelovelyharry: “@cockslutzen: “@cutelovelyharry: quote and rt :) EMABiggestFans1D”""”"""	"EMABiggestFans1D”””""""
" "," "," "," ","@SUJUalltheway05: 141108 SS6HK - ''ELF ARE STILL HERE'' BANNER :D amyredona30 :D @HLINK	SS6HK"
" "," "," "," ","@HeffronDrive: @milyschmidt “the art of moving on” Followed :)"
" "," "," "," ","@Edna_Styles_1D hey :) we got a new Direction! @SURFVBORT - follow and welcome them to the family!"
" "," "," "," ","IM ENJOYING STALKING @MyTomlinsonArmy HOPES SHE'LL MENTION ME :) FOLLOW HER AND Let's GAIN. SHE'S A LOVELY LOUIS GIRL<3 o"
" "," "," "," ","@arsyilrahman: Happy week end :)"
" "," "," "," ","@ACKCorporate: AutoCAD Architecture course will be held next month at ACK, hurry up and book your seat :)  For more... @HLINK"
" "," "," "," ","Dean itscarltime taking the babies for a walk with the dogs :) raccoon coatimundi coat... @HLINK	raccoon, coatimundi, coati…"
" "," "," "," ","@JayneMCox Afternoon Jayne Having A Super Saturday To Early For The Festive Part. :-) X"
" "," "," "," ","Look who's talking. :)"
" "," "," "," ","@damnboycal: @michael5sos Michael Clifford, it would mean so much if you'd finally follow me! And @kindirwin love u :D ..."
" "," "," "," ","Being a good big sister this morning :) chi coo	chicoo"
" "," "," "," ","@shaheer_s oh come on now...!! :) :) waiting..."
" "," "," "," ","Let's keep voting guys :) EMABiggestFansJustinBieber	EMABiggestFansJustinBieber"
" "," "," "," ","@CTLIndia2014 done. Thanks. :)"
" "," "," "," ","@Rob9Ellis: Real men :) @HLINK"
" "," "," "," ","@poonam_preet: @iamjoiminnie yes I do have FM I'd and vassal, sanjeeda, Simone do have Facebook I'd but I think they don't use :) @HLINK..."
" "," "," "," ","@NiallOfficial My wish doesn't change anything. But your decision changes everything.... it's up to you! I love you, Ni all :) x21,913"
" "," "," "," ","@d4dodeau @mandodesigns :) ...reminds me of some jokes I heard!"
" "," "," "," ","@kunzaikitfox sure ^^. They are important :D"
" "," "," "," ","@LauraUlum @Shaheer_S @simplygreat04 @tarunasingh40 @sumanpahuja @24freebird @Suranjana_SS @shaheer_lover Anent come back against :))"
" "," "," "," ","@jeinikim done men :)"
" "," "," "," ","Asia They asked: Who's that woman without Hindi, next to Mary Km? :) @HLINK"
" "," "," "," ","Iris, welcome to my life, spirit carries on, carry in my way ward, awake, fall for you, only one. My smart phone can shuffle well :)"
" "," "," "," ","Goodnight my loves :) :)"
" "," "," "," ","@Arrexis ah nice! But yes, not nice about the Roar result tonight. And it's always madness at the Pig :)"
" "," "," "," ","Im watching overdose as usual :)"
" "," "," "," ","Away :)) @HLINK"
" "," "," "," ","With my angel during my op name at Daley ;) thank you. :) @HLINK"
" "," "," "," ","@tarunasingh40: @Shaheer_S ahhh going to miss long hair walk sheer n stop teasing post full pic n keep them coming :)"
" "," "," "," ","@Harry_Styles his :D me and @indielovehes hope you're feeling great today!! We were wondering if you could FOLLOW US? We love you x10,735"
" "," "," "," ","@always_onkeys: Check This Out Guys, The Season Of Surprises Indeed :D Cc @mtnng YelloEleven @HLINK	YelloEleven"
" "," "," "," ","His Harry xx I hope your well :) ReadyToRun is really incredible! Could you please follow me today? I love you @Harry_Styles Xx6292	ReadyToRun"
" "," "," "," ","@asjadnazir I vote for KushalTandon SexyList2014 become he is the best :) mkjuhyhjnm	KushalTandon, SexyList2014"
" "," "," "," ","@keiranxo Happy birthday :).!"
" "," "," "," ","Favorite thriller movie The Purge :) MTVEMA PerfectChoice	MTVEMA, PerfectChoice"
" "," "," "," ","@ripsticktyde :) tell me Ur channel I will sub"
" "," "," "," ","FOR A DM TO NIALL, ZAYN, LIAM, HARRY AND LOUIS, I'LL SPAM THEM WITH UR USER WHEN THEY COME ONLINE :) MUST BE FOLLOWING ME!"
" "," "," "," ","@_ohmygeee Yep! Principles of econ :)"
" "," "," "," ","@twosixate @HollandsCake we were handing that stuff out to parents on Halloween :)"
" "," "," "," ","@Whirlingnouis: I'm gonna post 20 pictures of Louis Every is a vote :) 4/20 EMABiggestFans1D @HLINK	EMABiggestFans1D"
" "," "," "," ","10 more followers!!! :)"
" "," "," "," ","@JuliaLouser: @staceyjanika @_anethguerrero how sweet! I love you both! Haley! :))"
" "," "," "," ","Because its On and J-Stash's birthday weekend :D"
" "," "," "," ","Black and white :) @HLINK"
" "," "," "," ","Is someone bringing me a coffee in bed? Preferably with pancakes on the side! :) pretty please	prettyplease"
" "," "," "," ","@NitinKapoor2020: @NPSusa :) exactly! That's how most of these movements are as far as democracies are concerned!"
" "," "," "," ","CME Sportiest 2014: The Jaguars Combat!  PLM Gym | November 09 | 8am-8pm  Sergei tour Jags! :)  PLMCME... @HLINK	PLMCME..."
" "," "," "," ","@TranceFamilyEGY @alyandfila @edcorlando2014 I'm listening ATM :)"
" "," "," "," ","Puto dolor :)	puto"
" "," "," "," ","@XxXBaylieeXxX: I think my wish list needs to be a little lighter :) @HLINK spoil me wishlistslave	spoilme, wishlistslave"
" "," "," "," ",""“@Angelo_Mikha: Thanks for all your wishes everyone! :D God Bless you all! Love you :D  17"" love you too"	"17""""
" "," "," "," ","@VMiguelG Hi view :) Can you follow me? :) please?? 102"
" "," "," "," ","Hello all! Almost forgot about tonight's tweet chat. Gilbert here inside the cinema for HealthXPh. :)	HealthXPh."
" "," "," "," ","With Birthday Girl :D Happy Birthday Kenny @HLINK"
" "," "," "," ","@Habibirvan1 Download and support me please. :) @HLINK android games	androidgames"
" "," "," "," ","@2DirectionsBlog hi iii you got a free follow from @inkmyloveforyou :) can you plus follow her back, thanks xx"
" "," "," "," ","@mahouyuki_bot Can we go eat most together sometime? :D"
" "," "," "," ","@PizzaHutLebanon I did follow u back :):):) thank you"
" "," "," "," ","@gdminof follow back? :)"
" "," "," "," ","@Imaginesof5SOS: This is not 5SOS related but mg awe this if deserves a okay :) Vote5SOS @HLINK	Vote5SOS"
" "," "," "," ","@justinbieber: my birthday is on Friday :)"
" "," "," "," ","@NiallOfficial My wish doesn't change anything. But your decision changes everything.... it's up to you! I love you, Ni all :) x21,949"
" "," "," "," ","@foodborn since I mentioned the black pudding he has changed his mind!!! :)"
" "," "," "," ","@recklessmxshton: “@B0NERIFICLFFORD: quote this with a pic of your sunshine and I'll rt it :) x vote5sos” @HLINK	"vote5sos""""
" "," "," "," ","Happy Saturday everyone :) drinking coffee"
" "," "," "," ","Just heard d news that @SajidBhombal got arrested and that he is a Bangladeshi :)"
" "," "," "," ","@fathul_haziq03 out yoke hey Inge kn ape hey welcome, made Hal Leigh bro,BTW thanks follow :))"
" "," "," "," ","@Lara5sosCVG: can we please vote for them in here @HLINK vote5sos too ? THANKS :)	vote5sos"
" "," "," "," ","@_5secsofhelp_ I am :)"
" "," "," "," ","@Emma2010Ema aka :)"
" "," "," "," ","@RosandyRia Download and support me please. :) @HLINK GooglePlay	GooglePlay"
" "," "," "," ","@ItsEram Now OK? :) Don't do that 4th time."
" "," "," "," ","@hafizshakir777 I'm done with my graduation :)"
" "," "," "," ","@CalumSSO5 @5SOS done :) vote5sos	vote5sos"
" "," "," "," ","“Pizza is the only love triangle I ever want.” Diva @ranzkyle ? :) Haley"
" "," "," "," ","@crazywayne205 RT @TheBridgeLlan: @scarlets_rugby @haydn_davies The Bridge is! :-) 247 always open	247, alwaysopen"
" "," "," "," ","@iQueVaquerita: @MiliiGrandoli: follow me here ---> @soybienserio please I love job :D"
" "," "," "," ","@KumariHP Saw on ABP... No link :)"
" "," "," "," ","@ASSforrDayzzz: Let me sit this Assists on ya :-) @HLINK"
" "," "," "," ","Instagram @HLINK  Please follow me :D"
" "," "," "," ","@JoeLiebenberg or this one? @HLINK mind you they are only computer models - they could all b wrong :-)"
" "," "," "," ","If you can't make this show then I have a repeat one coming on today from 3 - 4 GMT!  It's a good one :) Come and listen along!"
" "," "," "," ","VOTING FOR BOTH BC TEAMWORK :) EMABiggestFans1D vote5sos	EMABiggestFans1D, vote5sos"
" "," "," "," ","@AustinMahone: @MahoneIsha no I didn't i never do :) @HLINK"
" "," "," "," ","“@IHEARTWINNER: mg!! Seungyoon is so pretty! :D @HLINK the random yaaaaaa"
" "," "," "," ","@5sosUpdates_14: how much you wanna bet it was Michael :) low vote5sos @HLINK	vote5sos"
" "," "," "," ","@TakodaWuff congrats! It really showed at FP :)"
" "," "," "," ","@RegiBang no problem :) banger army	bangerarmy"
" "," "," "," ","@sighwave okie! :)))"
" "," "," "," ","Ok Lang an :D tomorrow is a day :D"
" "," "," "," ","@PTGavinTownsend Sexy: Thanks! Why follow me, ALL REASONS :) ?"
" "," "," "," ","@Louis_Tomlinson: Seen so much support for the EMA's !! Doesn't go unnoticed thank you so much everyone !! :)"
" "," "," "," ","@BlackNerd: “@DRAGONLORD1200: @BlackNerd The return of a legend! @HLINK SonicSelfie :)	SonicSelfie"
" "," "," "," ","@LaLu_Baybee morning girl :)"
" "," "," "," ","I made these SomethingBigToNumber1 edits on my instagram ! @ShawnMendes love u ply follow :) SomethingBigToNumber1 @HLINK	SomethingBigToNumber1, SomethingBigToNumber1"
" "," "," "," ","Last night. :) @HLINK"
" "," "," "," ","Random Louis spam BC we need votes so please rt, the boys deserve to win :) 75/?? EMABiggestFans1D @HLINK	EMABiggestFans1D"
" "," "," "," ","@_RussoFtGomez_: FOR A DM TO NIALL, ZAYN, LIAM, HARRY AND LOUIS, I'LL SPAM THEM WITH UR USER WHEN THEY COME ONLINE :) MUST BE FOLLOWI..."
" "," "," "," ","Cool! :) Einsturzende Neubauten's soulful of first World War | The National @HLINK via @TheNationalUAE"
" "," "," "," ","The dude is obviously natural ...:) @HLINK"
" "," "," "," ","@kaykirana: @itsememchuchu thanks a lot! :)"
" "," "," "," ","@FiveSOSHelping: dams proof for you guys :) -Sara vote5sos @HLINK	vote5sos"
" "," "," "," ","Hi Lima, follow me :) the boys don't followed me, please follow me Or answer this tweet. @Real_Liam_Payne EMABiggestFans1D x1843	EMABiggestFans1D"
" "," "," "," ","@peachy_ph You are always welcome PO :)"
" "," "," "," ","@flerygodmother and to, File? :)"
" "," "," "," ","We Are Proud Of You Keith !! :))"
" "," "," "," ","@ellooweez proud friend hey :)"
" "," "," "," ","Good morning! I'm on MFC now :) @HLINK	MFC"
" "," "," "," ","@TheLordSavesUs @The_BeatlesBand @Wineclarity @LizMacDonaldFOX - What an uplifting week! :-)"
" "," "," "," ",""“@Angelo_Mikha: Thanks for all your wishes everyone! :D God Bless you all! Love you :D  17"" soap! Haley"	"17""""
" "," "," "," ","@Louis_Tomlinson: Hope you guys like Ready to Run :)"
" "," "," "," ","team: Today has been 3 years since Shaking got her star at the Hollywood Walk Of Fame :) @HLINK"
" "," "," "," ","@mexonieee thanks :)"
" "," "," "," ","@NiallOfficial My wish doesn't change anything. But your decision changes everything.... it's up to you! I love you, Ni all :) x21,983"
" "," "," "," ","@mukta109 awesome.:)"
" "," "," "," ","@5sosarinaustin: I'm gonna tweet 50 vines :) if each one gets 20 Its that's 1000 votes lets catch up guys 31/50 vote5sos @HLINK	vote5sos"
" "," "," "," ","@SFNorr_Khadijah: silent relationship :)"
" "," "," "," ","@JuliaMFanatics: @montesjulia with @D_laurel at SariSaringHappiness Patrol Lighting! :)! @HLINK	SariSaringHappiness"
" "," "," "," ","@NicoleJanna23: We Are Proud Of You Keith! :) @bernardokath “"
" "," "," "," ","Hello Aston Irwin from 5 seconds of summer please follow me  l love you :)  vote5sos @Ashton5SOS 2.492	vote5sos"
" "," "," "," ","@Careion23 @BlizzCon virtual ticket or live ? :)"
" "," "," "," ","@capulcugenesis: hemennn :))) @sunsetofage81 @esrocker1903 @Sibelll_1903 @Yazar212 @Umutmka @eelifgur @YaLCiN_BoGaCHaN @EOzturk__ HTTP..."
" "," "," "," ","God has a purpose for everything. :)"
" "," "," "," ","Please @justinbieber followed me :) this is my dream"
" "," "," "," ","Coffee time :D (at Money square Teri last) @HLINK"
" "," "," "," ","@justinbieber: Where am i? :) Nowhere FWIS @adidasNEOlabel @HLINK	NEOwhere, FWIS"
" "," "," "," ","Dennis Warner Happy Birthday :) View greetings at @HLINK"
" "," "," "," ","@shawnspell no I love it :)"
" "," "," "," ","Follow me on in, I follow back :) @HLINK"
" "," "," "," ","@mariomelizzy Thank you!good luck to you too!!:)"
" "," "," "," ","@resodks2 @HolyDeathh This bot is not set up yet. Come back later :)"
" "," "," "," ","@AnneKAlbert: Happy Friday my sweeps. Have a fantastic day. Do. Live. Laugh. Be Happy! :) @HLINK"
" "," "," "," ","@DaSilvaRM1: @BendahanL :) hugs dear Lucia"
" "," "," "," ","@BeccyHeathfield Great! Yeah I am :) I bought tickets for Saturday morning!"
" "," "," "," ","@AlinaLongXXX Are you part Polish? :)"
" "," "," "," ","First tweet from @Logitech K480 Bluetooth Keyboard using iPhone 6 Plus. Seeing if this combo can replace iPad Mini :) @HLINK"
" "," "," "," ","@smileyfreedomm oh no, I don't have! :D"
" "," "," "," ","@suhotherich: EXO is now leading in 4 categories again. Keep on voting!! :) @HLINK"
" "," "," "," ","@london_cycling Got this in post today. I am happy :-) @HLINK"
" "," "," "," ","Saturday night. Do whatever makes you feel right. :)"
" "," "," "," ","“@JessicaMarthenD: @michelle_celo fullback”done, tanks :D"
" "," "," "," ","@memeanime: Thanks a lot Kishimoto Mensa, for the last 15 years :) @miikkoo_ - @NarutoINA @HLINK"
" "," "," "," ","@haley_gilinsky follow back ? :)"
" "," "," "," ","@Whirlingnouis: I'm gonna post 20 pictures of Louis Every is a vote :) 19/20 (this one is for Noelle) EMABiggestFans1D @HLINK...	EMABiggestFans1D"
" "," "," "," ","Dear 3rd or 4th week of November, med yo naiinip Na KO SA mandating m0. I can't wait com I'm so excited! :) iphone6plusGold	iphone6plusGold"
" "," "," "," ","@rikerR5 Happy birthday!!! Hope you'll have a great day! :)"
" "," "," "," ","Familytime :) (with Ferusena) [pic] @HLINK"
" "," "," "," ","@cjhaiisanjuan Please like.  @HLINK thank you :)"
" "," "," "," ","@wildIouis: random Louis spam BC we need votes so please rt, the boys deserve to win :) 69/?? EMABiggestFans1D @HLINK	EMABiggestFans1D"
" "," "," "," ","@charliebadger99: @carlos_wilde @PianoClassic100 And to you... Here's some Bach.  “ Dear Clarice....”  :) @HLINK"
" "," "," "," ","@riskaEXO_Love @Yuansin_Nara @zalzalifa @glxlu_ @ReginaResonya @J_Layena @putriam37309875 @lobelyyy @WafaNurfauziah @azkaluthf_ fullback :)"
" "," "," "," ","@taylorcaniff PLEASE FOLLOW ME :) x3"
" "," "," "," ","@Harry_Styles, I'm sitting here crossing my fingers that one beautiful day you'll follow me... do you think we can make it happen? :D 3,183"
" "," "," "," ","Family night!! :D Interstellar (with Mom and Dad at @cinemaxxtheater) @HLINK"
" "," "," "," ","Early to bed early to rise! Goodnight :)"
" "," "," "," ","PickOne WINNER / GOT7 :D	PickOne"
" "," "," "," ","@ElenaCogi: @SortilegiodLuna @fataimbranata @bonnybbx Ty to share with us Ur cookie. Who Stole the Cookie from the Cookie Jar? :D HTTP:/..."
" "," "," "," ","@thebieberian10: @jsweggg hi yo hi hey please rt!! :) - @xmultifand0mx EMABiggestFansJustinBieber	EMABiggestFansJustinBieber"
" "," "," "," ","Today was good :)"
" "," "," "," ","@ASamaganova @asimpereira @MarkTWIC @lladini @thechessdrum live Carlson - And chats with me too :) @HLINK"
" "," "," "," ","@HarrysCookiesx: “@1D_Updates_WW: Quote this with your far 1/5 pic :) EMABiggestFans1D” @HLINK	"EMABiggestFans1D""""
" "," "," "," ","@IzzaNatasia dun worry its just Thor :)"
" "," "," "," ","It's a brand new caaaaaar :)"
" "," "," "," ","@m4r34m Notes. :)"
" "," "," "," ","@taylorcaniff surprise @/HanisahDallas with a follow please. She is having her big test. Hit my follow button too. We love you! :) x81"
" "," "," "," ","Black souls empty bodies we have to fight or be hollow just like them :D"
" "," "," "," ","Ply open the link and RT the tweet in it, want @iamsrk to See this before its too late :) @HLINK"
" "," "," "," ","Ronald McDonald House this morning :)"
" "," "," "," ","@idevadhikari Nevada Mar banker Te bar r not time I want to work with u...pizza seen this :)	Dev_da"
" "," "," "," ","@NikkiHaani: @fatimalisha1 Happy Birthday - :* livelong :)"
" "," "," "," ","@ImTheRealSOAK: But I'm VERY keen to meet ALL of my followers at CruelSummer29Nov :D	CruelSummer29Nov"
" "," "," "," ","@TheManoloTimes: “@DavaoManolo: Please watch ManoloOnBananaSplit later! :). Thank you guys TeamManolo”	"TeamManolo♥♥♥""""
" "," "," "," ","@Harry_Styles I'm really looking forward to the new album! I think it's going to be Formidable ;) Please follow me :D 314"
" "," "," "," ","@Moldybars @The_Nimbus_ Yeah, and update it when they do :)"
" "," "," "," ","@the_5sos_update: Today is the last day to vote for 5sos!! Not only for artist to rise but these as well!! So vote!! :D -C vote5sos hit...	vote5sos"
" "," "," "," ","@06snjh follow back? :)"
" "," "," "," ","Hiiii Lima :D READY TO RUN is amazing!! Please follow me Lima? :D I love you new much :D  *:. @Real_Liam_Payne 3,475"
" "," "," "," ","@I_mAnEvilRegal orphan black :)"
" "," "," "," ","I always play it cool wit others :D @HLINK"
" "," "," "," ","@aokibestfan Take ? :) x"
" "," "," "," ","@kyungpanes: FOR A DIRECT MESSAGE bored currently recovering low follow would be fab let's be friends :D just RT ~BOOM PANES LAB..."
" "," "," "," ","Hey guys, check out my buddy Dominic! Please like and share :) @HLINK"
" "," "," "," ","@cigarhemmo you're welcome BB let's keep voting !! :D vote5sos	vote5sos"
" "," "," "," ","@annlynn57 good morning :) @GMcGourlick @aeTyree @GJGBTL231 analogs @MrMrsNibble @mark1952ind"
" "," "," "," ","@soPanel Thanks for following us:) could you like our FM page?:) we will be doing giveaways! @HLINK"
" "," "," "," ","EMABiggestFans1D :3 :) I Love you One Direction <3	EMABiggestFans1D"
" "," "," "," ","@sophiemaymusic passes on twitter medicine. Hope you feel better soon :)"
" "," "," "," ","Bremen MIT Baby :-)"
" "," "," "," ","@BlizzCon @Diablo @PlayHearthstone @BlizzHeroes @PlayOverwatch goodnight all hope you partied hard and see you tomorrow :)"
" "," "," "," ","@Bebeq4658175 @ekonovich This bot is not set up yet. Come back later :)"
" "," "," "," ","Welcome to TeamSARAH Demise :)	TeamSARAH"
" "," "," "," ","Report from @i_amplanetmars “Going to a party, thanks for help with the make up @nix_photog :)) mas... @HLINK"
" "," "," "," ","@wildIouis: random Louis spam BC we need votes so please rt, the boys deserve to win :) 81/?? EMABiggestFans1D @HLINK	EMABiggestFans1D"
" "," "," "," ","@m3jstile @diptirbhatt All great locales to do the SRK back stretch. :-)"
" "," "," "," ","Get @MosesSapir @SrBachchan keep posting...!!  :)"
" "," "," "," ","On a day like this, I'm thankful for maternity leave....... :) Rain	Rain"
" "," "," "," ","@swagbieberollg: EMABiggestBeliebers EMABiggestFansJustinBieber :)	EMABiggestFansJustinBieber"
" "," "," "," ","@anirudhofficial: @Vijay_cjv Hi sir. Missing you :)"
" "," "," "," ","@OliWhiteTV @ZozeeBo And Old, you are great at giving out compliments! :)"
" "," "," "," ","@linzeaster @thescript @TheScript_Danny I hope so. :)"
" "," "," "," ","@jhomarperez09 followed! :)"
" "," "," "," ","New Upload soon :) @HLINK"
" "," "," "," ","@wildIouis: random Louis spam BC we need votes so please rt, the boys deserve to win :) 82/?? EMABiggestFans1D @HLINK	EMABiggestFans1D"
" "," "," "," ","@PayneObsesed: @cherishzixll back?:) EMABiggestFans1D	EMABiggestFans1D"
" "," "," "," ","@meilisach DM me your ID :)"
" "," "," "," ","@demigodnialler hi, could you please rt this? Trying to get 1/4 thank you :-) vote5sos @HLINK	vote5sos"
" "," "," "," ","@faattz hi fats! Thank new :))"
" "," "," "," ","Emma took the challenge! :) @HLINK"
" "," "," "," ","Martina's here too!:) let's go CzechFedCupTeam Prague fedcupfinal @HLINK	CzechFedCupTeam, Prague, fedcupfinal"
" "," "," "," ","@DE_Minhwan @monstahongki Ara always bear :))) Sara"
" "," "," "," ","Today is a weird day :)"
" "," "," "," ","@mimichakraborty Please act on more movies like BBJ and less in south remakes! I have high hopes on you as a fan. :)"
" "," "," "," ","@deanlemon: So... who's subscribed to our channel then? Click here ---> @HLINK Still following & Doing people... :)"
" "," "," "," ","@DoctorMarvel334 hi there :) can you please follow beautiful vegan model @realdanibre thank you vegan love	veganlove"
" "," "," "," ","@CreepTonite07: THE SEXIEST CURVE IN ZAYN'S BODY IS HIS SMILE :)  EMABiggestFans1D @HLINK	EMABiggestFans1D"
" "," "," "," ","@zouirriall: remember when zany tweeted  “What does the baby chicken say to the mother chicken?  Hi comma ! :D”  rt if you cried  Email...	EMABi…"
" "," "," "," ","@irwinspunkangel: OK so IF U WANT ME TO DO A DM SPREE TO LUKE AND TURN ON MY NOTIFICATIONS :) Amos @5SOS New Artist Of The Year not...	AMAs, vot…"
" "," "," "," ","@shewolf59 I think 60ish this time of year is bonus warmth, embrace it :)"
" "," "," "," ","@Anshi2017: Mode for Arrogance, Around for Sweetness ... :))"
" "," "," "," ","@aIIougiant thanks :)"
" "," "," "," ","@Redstartrocks @canaryfollower Great walk, fine Abbot in @OverstrandHorse & fantastic views (average pix) of snow buntings along the way :)"
" "," "," "," ","@DarshanRavalDZ v... I mean...Ur raw fan all always show love to u...n it's a promise all put u on 1st position :)@Darshanlover @Darshians"
" "," "," "," ","@anakarylle: Going up to the roof deck for the station ID shoot :) funny thing I walked in the chatroom&some1 said I would like 2profess ..."
" "," "," "," ","Jessie I have a parody of Price Tag if you wanna see some lyrics! :)"
" "," "," "," ","T'was a great day ! :D"
" "," "," "," ","Jacket Nike Grades Red Black | Behan: Fleece Teal | Duran: All Size M fit L | order check bio :) @HLINK"
" "," "," "," ","@Boneduster @Nicktron94 @DanielGranton12 @SeriousSam316 @CrankyVince @wrestlingcedric @Krispin_Wah good fan art :)"
" "," "," "," ","@djRuizSierra thank you bro :)"
" "," "," "," ","Jacket Nike Grades Red Black | Behan: Fleece Teal | Duran: All Size M fit L | order check bio :) @HLINK"
" "," "," "," ","@iKONSTAGRAM fol back? :)"
" "," "," "," ","Canada: “My relationship with MyBeliebers. U can't deny this is real :)” EMABiggestFansJustinBieber @HLINK	MyBeliebers., EMABiggestFansJustinBieber"
" "," "," "," ","And then, in a few moments, it all changed :)."
" "," "," "," ","@ibiebersupdates: keep voting, night/morning believers :) EMABiggestFansJustinBieber	EMABiggestFansJustinBieber"
" "," "," "," ","@lyckacapulong Friday! I'm free 3 to 6pm :))))))"
" "," "," "," ","“@1003xGrace: Haley including me :p RT @87ChoiTabi: 1003xGrace full of Stan hey”Thank you so much for being a Stan :)"
" "," "," "," ","Ooh i have my piano concert tmrw and in playing amnesia :-) vote5sos	vote5sos"
" "," "," "," ","@HLINK Seen on Hey: All so good we had to choose 2 :) Congrats @rauhlinginavon, ... @HLINK"
" "," "," "," ","My grandma got me an early birthday gift Thanks :)	Thanks"
" "," "," "," ","@Luisito4711k: OPENFOLLOW FOR RP :-)  win RETWEET  FOLLOW ME  I FOLLOW BACK   FV Y GAIN  ?FOR A SHOUTOU...	OPENFOLLOW, RETWEET"
" "," "," "," ","@Rachel_Lynchx Just for you :-) @HLINK"
" "," "," "," ","@jess_iskandar main :)"
" "," "," "," ","@zouirriall: look... my parents :) @HLINK"
" "," "," "," ","Cause baby I like you :)"
" "," "," "," ","@TheVoiceABSCBN: Demise Fresco chose Coach Sarah! Welcome to Team Sarah, Demise. :) VoiceWeekend @HLINK	VoiceWeekend"
" "," "," "," ","@AbbeyBrooksXXX please abbey can I get a far or RT i UV u new freaking muchhhh u sexes goddess :) <3"
" "," "," "," ","@wildIouis: random Louis spam BC we need votes so please rt, the boys deserve to win :) 27/?? EMABiggestFans1D @HLINK	EMABiggestFans1D"
" "," "," "," ","@Joe_Sugg: @char_birtles lovely too meet you girls :)"
" "," "," "," ","@willrich45 You have that effect on people :-) @ThorneLeslie @bamameghan @WickedDecent drakes sat chat	satchat"
" "," "," "," ","@AnissaKate: With the cute @ArielRebel for @sexart :-) @HLINK"
" "," "," "," ","@Louis_Tomlinson: Fun day today :) great to be spending some time in the UK again !!"
" "," "," "," ","Remember this Men? 3 years ago :) @HLINK"
" "," "," "," ","@Ayesha_AlM :) gimme"
" "," "," "," ","@wildIouis: random Louis spam BC we need votes so please rt, the boys deserve to win :) 77/?? EMABiggestFans1D @HLINK	EMABiggestFans1D"
" "," "," "," ","@wildIouis: random Louis spam BC we need votes so please rt, the boys deserve to win :) 51/?? EMABiggestFans1D @HLINK	EMABiggestFans1D"
" "," "," "," ","@TanteYaris: Re tweet dong :) @HLINK"
" "," "," "," ","@heidiklum mile :)"
" "," "," "," ","After a week of a era sky and slightly colder temperatures, the sun is out! :D Finally, I was starting to get depressed! Myign	myign"
" "," "," "," ","@AshleyNicole191 30 is so much fun. Trust me, it gets better :)"
" "," "," "," ","Sinai a... Jonathan DeGuzman :D Shopping DA Frances Mode Naomi Naples EmozioniUniche EmozioniAzzurre... @HLINK	DeGuzman, Napoli, Naples, EmozioniUniche, EmozioniAzzurre..."
" "," "," "," ","@finnhardstyle it is! :)"
" "," "," "," ","@Hardbodyology ah thank you! I'm not competing today :) my debut is June 2015 ;) xx"
" "," "," "," ","Random Louis spam BC we need votes so please rt, the boys deserve to win :) 86/?? EMABiggestFans1D @HLINK	EMABiggestFans1D"
" "," "," "," ","@beachtiger0412 @BusyChasingNick were u in Cone?  Luckily Kristi is in the new addition :-)"
" "," "," "," ","GoodEvening :) Let's Play."
" "," "," "," ","Hiiii Lima :D READY TO RUN is amazing!! Please follow me Lima? :D I love you new much :D  *:. @Real_Liam_Payne 3,493"
" "," "," "," ","FlexandShanice “Whew thank U so much RT @Shaniceonline A channel here in South Africa, stated you as a “Legend” :) @HLINK	FlexandShanice"
" "," "," "," ","@Maria_CB: @_SelenaHechos I really like it. :-)"
" "," "," "," ","@ziamftzap: @zaynedition here's my entry :) @HLINK"
" "," "," "," ","@rubymrmr I said it b4 :) , am traced there WhatsApp ,,, I called you or not ? !!!!	WhatsApp"
" "," "," "," ",""LOL :)) “@RMadridNation: GOAAAL LUIS SUAAAAAREZZZZ WHAT A VOLLEY. 2-1""""
" "," "," "," ","@fireproofmalik_: Lima! @Real_Liam_Payne I love you so much honey!  Pls follow me if it's okay, It would mean so much! :)  6,422..."
" "," "," "," ","@lostindobrev yes, here you go @HLINK :)"
" "," "," "," ","@5HUpdates: Thank you for 20k followers We love you :) votefifthharmony	votefifthharmony"
" "," "," "," ","@wingedhemmings: I'd just like to use this tweet to say how proud I am of every single one of you who voted :) vote5sos	vote5sos"
" "," "," "," ","@Harry_Styles I've reordered FOUR and I can't wait to hear the rest of it! :D It'd be the sickest thing ever if you FOLLOWED me! X20,359"
" "," "," "," ","Thank you for the L necklace and for everything else today @nicomeatsix!! :)"
" "," "," "," ","@VMiguelG: for a follow back. Let's do this :D x @HLINK"
" "," "," "," ","@BambooMuzakLive: It's a brand new caaaaaar :)"
" "," "," "," ","@TripleMEntSA @musicexchange @IntertwEAT @auriolhays @Trevinoisaacs Let me know and I will be there :)"
" "," "," "," ","@143_boolovereg: WhouUwww ^^ happyNateday [] Happy Birthday Nate :)	happyNateday"
" "," "," "," ","@Monika_jain17 i TNT tweet here for someone's appreciation. I put it all here what I think :)"
" "," "," "," ","@zouirriall: well lets vote non-stop then :D  vote5sos EMABiggestFans1D	vote5sos, EMABiggestFans1D"
" "," "," "," ","@taylorcaniff Hey, please follow me :)"
" "," "," "," ","@sup3rjunior Just for Australia or we can stream too ?? Need the link :D"
" "," "," "," ","Hey @nihalani_ritika thanks for your participation to the contest! You are our 5th lucky winner ! DM your details :) @HLINK"
" "," "," "," ","@taylorcaniff hi sunshine :) Follow me? ILYSM 48"
" "," "," "," ","@kierFVK: This was a pretty fun interview with @HTFMag :) @HLINK"
" "," "," "," ","@LimmeMonnie: @J0shH00d @madzilla84 I went hunting and came back to my citizens rebelling like there's no tomorrow. :D"
" "," "," "," ","@NessiHolt: @CoboltBand @MusicHourUK @JDMarley_95 I'll certainly do :)"
" "," "," "," ","@Swagger_CLE @reehmah hey ya'll :D"
" "," "," "," ","Thank you! Miss you too Na in! Bond soon! :) RT @itsgelica: @itsMGgarin get well soon boom! Miss you Na."
" "," "," "," ","@robtheminion yeah I've seen it :) a few years ago though! You?"
" "," "," "," ",""& the underwear pic :) than “@Ms_Lissah_Enn: @MissBotlhole low its coming tonight""""
" "," "," "," ","@annabuttchase: rt/far for 10 free follows  free but a follow would be nice :)"
" "," "," "," ","@wildIouis: random Louis spam BC we need votes so please rt, the boys deserve to win :) 29/?? EMABiggestFans1D @HLINK	EMABiggestFans1D"
" "," "," "," ","@13laake: stream de @SilverJ0hn on go ice :D @HLINK"
" "," "," "," ","@5idiotswith5sos please follow me :))"
" "," "," "," ","@Brandonymore all good :)"
" "," "," "," ","@RazorRock101: Added some new music into the play lists starting today.  Ohhhh and added some 5SOS :D @HLINK rock mu...	5SOS, rock, mu…"
" "," "," "," ","@superfurryandy Hey! Exhausted. Little sleep & been playing with the tines since 7.30. But a bit better than last night ta :)"
" "," "," "," ","@chelseaislan :D one word for you “BEAUTIFUL”."
" "," "," "," ","@MirandaCosgrove: Thank you so much for all the birthday wishes! You guys never stop amazing me :)"
" "," "," "," ","@dwsptiannone: @KeikhoPrasutiyo Sure you could be happy all the time, your efforts will happen it :)))"
" "," "," "," ","@GameUnboxing Yeah I know.well I guess I'm okay with it.yeah it's not too bad :)"
" "," "," "," ","@besidetoni: Once again massive thank you to you all, you are not just fans you are family...our family. 3EMAs babe yeah man :) ml.p #...	…"
" "," "," "," ","Rt and Quote this for 7 free follows :) vote5sos	vote5sos"
" "," "," "," ","@1DOfficialMY: We are looking for new co owners, so please read this! :) @HLINK"
" "," "," "," ","Just like the measureless number of stars, Posts and write-ups about INTERSTELLAR are getting countless :D... @HLINK"
" "," "," "," ","@lunaticfringeee: Let's support our one and only @DJBDonna DJB For Best Female Personality :)"
" "," "," "," ","@VoiceKidsUpdate: if you're now watching VoiceWeekend! :)	VoiceWeekend!"
" "," "," "," ","@ProjetoVotoJB: to com some :) EMABiggestFansJustinBieber	EMABiggestFansJustinBieber"
" "," "," "," ","PickOne SPICA / SECRET ? :D	PickOne"
" "," "," "," ","@_IlConteB happy day! :)"
" "," "," "," ","@KiranKS: Asia They asked: Who's that woman without Hindi, next to Mary Km? :) @HLINK"
" "," "," "," ","@Cat_Humen oh wow I actually noticed something the :D"
" "," "," "," ","@arirang_ASC Do u like cats? :D"
" "," "," "," ","@wildIouis: random Louis spam BC we need votes so please rt, the boys deserve to win :) 57/?? EMABiggestFans1D @HLINK	EMABiggestFans1D"
" "," "," "," ","Brunch it UP :) (Y) @HLINK"
" "," "," "," ","Thank you Mr. Yogi @iamKELVINENGLES!!! :)"
" "," "," "," ","@ThatGirlCebi: If I'm the baby mama then I'm the wife. All or nothing Annie :) @HLINK"
" "," "," "," ","VoiceWeekend Can't wait for @Estrada21Karla to sing :))	VoiceWeekend"
" "," "," "," ","Happy sat night bang @MuhammadFaidhal :) :)"
" "," "," "," ","@Harry_Styles I've reordered FOUR and I can't wait to hear the rest of it! :D It'd be the sickest thing ever if you FOLLOWED me! X20,389"
" "," "," "," ","@BritNikkae: for these two cuties :-) vote5sos @HLINK	vote5sos"
" "," "," "," ","Thailand vs Philippines >:D"
" "," "," "," ","Happy Wedding Emil :) (@ Sawangan in Depot, West Java) @HLINK"
" "," "," "," ","“@Louis_Tomlinson: Seen so much support for the EMA's !! Doesn't go unnoticed thank you so much everyone !! :)”"
" "," "," "," ","@timferro it's the usual pre-lunch time slot but I am good to go :)"
" "," "," "," ","“@RetroBakery: Don't forget your shoes. Tweettoself” Also be sure they match. TweetToSelf :)	"tweettoself"", TweetToSelf""
" "," "," "," ","@taylorcaniff hi Taylor  I love you so much  and you make me SO happy  a follow would make my day :)  @HLINK  ugh"
" "," "," "," ","@onerectionziall: IF YOU THIS AND IT GETS OVER 200 RTS I WILL DM THIS LINK TO LIAM :) EMABiggestFans1D	EMABiggestFans1D"
" "," "," "," ","YES CORBY!!! Last night was sweet :)! Huge thank you everyone who showed up to@ZombieHutCorby last night. We can't wait to be back :) <3"
" "," "," "," ","@hyperion5182 @PolitiBunny @PointlessPol @Artist_Angie worn like a badge of honor :)"
" "," "," "," ","@TFU_Kannan: @kamaljii ARM's favorite on YA story leak long back & now this. U have a gr8 eye 4 detail bro! :)	YA"
" "," "," "," ","@TheGrinningCow very nice! :)"
" "," "," "," ","Stats for the day have arrived. 2 new followers and NO followers :) via @HLINK"
" "," "," "," ","@aneezamaj @MCDO_02 no comment :D guy i don't have the money :3"
" "," "," "," ","“@chelseafc: Chelsea are pressuring Liverpool into some loose touches inside their own half. Our best spell so far. Clive” :D	"CFCLive""""
" "," "," "," ","I FOLLOW = FBACK :) listopadowefolllowspree	RT, listopadowefolllowspree"
" "," "," "," ","@Real_Liam_Payne: @ziamgivemepayne thanksssss :D"
" "," "," "," ","Get up and go! To the 5th annual TampaBay VegFest! :) @HLINK"
" "," "," "," ","@IHEARTWINNER: seems like a fan got a photo card of Linwood from meet :) CREDIT: liih_carvalho @HLINK"
" "," "," "," ","@taylorcaniff HI :) I LOVE YOU YOU MAKE ME STRONG  THANK YOU FOR EXISTING BRAZIL x3"
" "," "," "," ","@sherrysue66 I'm writing a book to teach kids about the colonial days and colonial antiques with squirrels & birds :D History matters!!	History"
" "," "," "," ","@wildIouis: random Louis spam BC we need votes so please rt, the boys deserve to win :) 45/?? EMABiggestFans1D @HLINK	EMABiggestFans1D"
" "," "," "," ","@Alexandra5SOS: it would be so cool to get up on stage and sing with your idols. Just jamming having a great time. :) @5SOS @Ashton5SOS ..."
" "," "," "," ","@1DwwaupdatesWW: Thanks so much for 85,600k!!! THIS IS NUTS!!  Thank u all! :) EMABiggestFans1D	EMABiggestFans1D"
" "," "," "," ","SECREEEEEEEEET RT @StarryNightFM: PickOne SPICA / SECRET ? :D	PickOne"
" "," "," "," ","@Lorraineskieee Olga Haley, let's be happy for them, things are made to change for a reason :D isthistrue	isthistrue"
" "," "," "," ","@123ksi HEY MAN IM DOING A HUGE PSN/MSP CODE GIVEAWAY JUST LIKE THE VIDEO AND SUB TO ENTER BROO :) @HLINK"
" "," "," "," ","@PTIhassan hum Tu attack Verna Malay Han defend nice :)"
" "," "," "," ","@wildIouis: random Louis spam BC we need votes so please rt, the boys deserve to win :) 76/?? EMABiggestFans1D @HLINK	EMABiggestFans1D"
" "," "," "," ","@Harry_Styles hiiiii if you see this could you possibly follow me? I'd be over the moon :D hope your well I love you LOADS x10,898"
" "," "," "," ","@WTA_Tennis22 @FedCup I hope Team Germany knows how adorable you look :)"
" "," "," "," ","Hi @zaynmalik :D How are you? Thank you for always making me smile! Please follow me, sunshine. It would mean a lot. Ills Z 29,147"
" "," "," "," ","Gonna follow my mind now :)"
" "," "," "," ","@imsuperkreeesh good :)"
" "," "," "," ","@Mia15524222: @MuskaGary Thank you very much Gary I wish for you that same :) @HLINK"
" "," "," "," ","@ehiswaggie Shrew! Fatty ache con i like. Son shadmillis :)"
" "," "," "," ","@wildIouis: random Louis spam BC we need votes so please rt, the boys deserve to win :) 9/?? EMABiggestFans1D @HLINK	EMABiggestFans1D"
" "," "," "," ","“@5HonTour: RT if you have made friends here :) VoteFifthHarmony”	"VoteFifthHarmony""""
" "," "," "," ","@itsrosemary yeah me too. But I found the M&G with LP better than MARS' :)"
" "," "," "," ","@julie_wenham: if you'd love to fuck these! :) x @HLINK"
" "," "," "," ","@Calum5SOS Hi calm hood from 5sos :D id be sew happy if you followed me! I love you so much  15,217 vote5sos	vote5sos"
" "," "," "," ","Playing GN'R songs all night, and getting Duff's Vodka and Slash's Jack Daniels and make sure there is enough for 10 hours straight hey :)"
" "," "," "," ","@IReasonsToSmile: if Fifth Harmony is your reason to smile :) votefifthharmony @HLINK	votefifthharmony"
" "," "," "," ","@tool4thejob thanks Hun, I think we've become addicted to it :) we love it so much xx"
" "," "," "," ","@Harriot10 here u go :) @HLINK"
" "," "," "," ","@faisalahmad :) should be"
" "," "," "," ","@scotchism: This is Harder, BJP style :) PMofGujarat PakDare @HLINK	PMofGujarat, PakDare"
" "," "," "," ","@britneyspears: Tickets to the new PieceOfMe2015 shows are on sale now :) See you in Vegas next year! @HLINK...	PieceOfMe2015"
" "," "," "," ","@Dymaxion mostly it was the idea that a political response to an etiquette question would be awesome, rather than that yr politics align :)"
" "," "," "," ","@jakemiller: Performing Party In The Penthouse tonight for the first time!! Cindy, start memorizing the words :)"
" "," "," "," ","@staystrongbub99 Hey beautiful, I hope you have good day! :) Can you re tweet this @HLINK Thanks, by."
" "," "," "," ","Makes my heart smile :) hisdadissmiling audiepitre acid bath by msgriff76 @HLINK	hisdadissmiling, audiepitre, acidbath"
" "," "," "," ","@mars4eveer I vote!! :-))"
" "," "," "," ","@Cannafestbc: @Adisnuts @Robholio37531 Add.  Text me when you get in.  Are party 6-8 :)"
" "," "," "," ","@CliffordBbyxx: I'm gonna post 30 pictures of Michael. If each pic gets 10 rt then that's 300 votes. Let's do this :) vote5sos 9/30 hit...	vote5sos"
" "," "," "," ","Playing with my camera. Ha. :)"
" "," "," "," ","Four baby dreads, sitting in my head :) @HLINK"
" "," "," "," ","@_NayanSam: Surya Nayanthara @dirvenkatprabhu @premgiamaren MASSS team :) @HLINK	Suriya, Nayanthara, MASSS"
" "," "," "," ","@drunk3dward: SPAM ME WITH LINKS OF THE TWEET YOU WANT RETWEETED :)  vote5sos	vote5sos"
" "," "," "," ","Later is the best time to do anything :D lazysaturday	lazysaturday"
" "," "," "," ","“@MarcusButler: NEW MERCHANDISE :D MarcusMerch @HLINK >> do you have a fulltime job?	MarcusMerch"
" "," "," "," ","@kenzieeeeepop coming this spring :-)"
" "," "," "," ","NashAndJacksNewVideo @HLINK  NashAndJacksNewVideo @Nashgrier ills Nash, please follow me :) 	NashAndJacksNewVideo, NashAndJacksNewVideo"
" "," "," "," ","NashAndJacksNewVideo GO WATCH :D @HLINK  @Nashgrier @JackJackJohnson @jackgilinsky please256	NashAndJacksNewVideo"
" "," "," "," ","@fvkillers I think you guys are amazing! I'm listening to you now and your one of my favorite bands :)"
" "," "," "," ","@Huscoon: Added three new cons. Removed a now-defunct con. Updated attendance figures for RF & several other cons. :) @HLINK"
" "," "," "," ","@BeaMiller: I love when people attack me for what I tweeted simply because they're too stupid to understand what it actually meant :)))))"
" "," "," "," ","@NASHBROWN_ @Trey_Cee2 :) thanks far"
" "," "," "," ","@Fi_Wright @Nellyjuke @VintiqueChairs @amanda_J_hewson I know, it was fab :-) x"
" "," "," "," ","@enrique305 oh how I wish I could do Birmingham VIP, esp as it's my birthday then.unfortunately I can't, but I will be there!:) excited math	excited"
